2026-01-16 11:37:33,747 [INFO] Incoming Request: POST /analyze
2026-01-16 11:37:51,047 [INFO] HTTP Request: POST http://127.0.0.1:11434/api/chat "HTTP/1.1 200 OK"
2026-01-16 11:37:52,768 [INFO] Response Status: 200
2026-01-16 11:38:46,246 [INFO] Incoming Request: POST /analyze
2026-01-16 11:38:46,943 [INFO] Response Status: 200
2026-01-16 11:42:05,298 [INFO] Incoming Request: POST /analyze
2026-01-16 11:42:05,941 [INFO] Response Status: 200
2026-01-16 17:37:35,423 [INFO] Incoming Request: POST /analyze
2026-01-16 17:37:47,752 [INFO] HTTP Request: POST http://127.0.0.1:11434/api/chat "HTTP/1.1 200 OK"
2026-01-16 17:37:54,725 [INFO] Response Status: 200
2026-01-16 17:46:42,626 [INFO] Incoming Request: POST /analyze
2026-01-16 17:46:53,281 [INFO] HTTP Request: POST http://127.0.0.1:11434/api/chat "HTTP/1.1 200 OK"
2026-01-16 17:46:55,915 [INFO] Response Status: 200
2026-01-16 17:52:29,710 [INFO] Incoming Request: POST /analyze
2026-01-16 17:52:40,189 [INFO] HTTP Request: POST http://127.0.0.1:11434/api/chat "HTTP/1.1 200 OK"
2026-01-16 17:52:42,829 [INFO] Response Status: 200
2026-01-16 17:55:13,979 [INFO] Incoming Request: POST /analyze
2026-01-16 17:55:20,893 [INFO] HTTP Request: POST http://127.0.0.1:11434/api/chat "HTTP/1.1 200 OK"
2026-01-16 17:55:24,044 [INFO] Response Status: 200
2026-01-16 18:16:13,337 [INFO] Incoming Request: POST /analyze
2026-01-16 18:16:22,922 [INFO] HTTP Request: POST http://127.0.0.1:11434/api/chat "HTTP/1.1 200 OK"
2026-01-16 18:16:26,034 [INFO] Response Status: 200
2026-01-16 18:26:34,584 [INFO] Incoming Request: POST /analyze
2026-01-16 18:26:44,858 [INFO] HTTP Request: POST http://127.0.0.1:11434/api/chat "HTTP/1.1 200 OK"
2026-01-16 18:26:50,082 [INFO] Response Status: 200
2026-01-16 18:44:36,350 [INFO] Incoming Request: POST /analyze
2026-01-16 18:44:50,301 [INFO] HTTP Request: POST http://127.0.0.1:11434/api/chat "HTTP/1.1 200 OK"
2026-01-16 18:44:55,667 [INFO] Response Status: 200
2026-01-16 18:53:18,968 [INFO] Incoming Request: POST /analyze
2026-01-16 18:53:28,064 [INFO] HTTP Request: POST http://127.0.0.1:11434/api/chat "HTTP/1.1 200 OK"
2026-01-16 18:53:33,417 [INFO] Response Status: 200
2026-01-16 19:24:11,152 [INFO] Incoming Request: POST /analyze
2026-01-16 19:24:20,455 [INFO] HTTP Request: POST http://127.0.0.1:11434/api/chat "HTTP/1.1 200 OK"
2026-01-16 19:24:25,452 [INFO] Response Status: 200
2026-01-16 19:26:28,816 [INFO] Incoming Request: POST /analyze
2026-01-16 19:26:56,421 [INFO] HTTP Request: POST http://127.0.0.1:11434/api/chat "HTTP/1.1 200 OK"
2026-01-16 19:27:00,814 [INFO] Response Status: 200
2026-01-16 19:30:30,597 [INFO] Incoming Request: POST /analyze
2026-01-16 19:30:38,892 [INFO] HTTP Request: POST http://127.0.0.1:11434/api/chat "HTTP/1.1 200 OK"
2026-01-16 19:30:41,494 [INFO] Response Status: 200
2026-01-16 20:55:06,578 [INFO] Incoming Request: POST /analyze
2026-01-16 20:55:23,451 [INFO] HTTP Request: POST http://127.0.0.1:11434/api/chat "HTTP/1.1 200 OK"
2026-01-16 20:55:29,596 [INFO] Response Status: 200
2026-01-17 00:56:52,878 [INFO] Incoming Request: POST /analyze
2026-01-17 00:57:08,833 [INFO] HTTP Request: POST http://127.0.0.1:11434/api/chat "HTTP/1.1 200 OK"
2026-01-17 00:57:12,815 [INFO] Response Status: 200
2026-01-17 02:36:30,996 [INFO] Incoming Request: POST /analyze
2026-01-17 02:36:32,788 [INFO] Response Status: 200
2026-01-17 02:43:37,520 [INFO] Incoming Request: POST /analyze
2026-01-17 02:43:39,565 [ERROR] Task exception was never retrieved
future: <Task finished name='Task-8' coro=<Connection.run() done, defined at c:\Users\annac\OSINT\bakasura\.venv\lib\site-packages\playwright\_impl\_connection.py:305> exception=NotImplementedError()>
Traceback (most recent call last):
  File "C:\Users\annac\AppData\Local\Programs\Python\Python310\lib\asyncio\tasks.py", line 232, in __step
    result = coro.send(None)
  File "c:\Users\annac\OSINT\bakasura\.venv\lib\site-packages\playwright\_impl\_connection.py", line 312, in run
    await self._transport.connect()
  File "c:\Users\annac\OSINT\bakasura\.venv\lib\site-packages\playwright\_impl\_transport.py", line 133, in connect
    raise exc
  File "c:\Users\annac\OSINT\bakasura\.venv\lib\site-packages\playwright\_impl\_transport.py", line 120, in connect
    self._proc = await asyncio.create_subprocess_exec(
  File "C:\Users\annac\AppData\Local\Programs\Python\Python310\lib\asyncio\subprocess.py", line 218, in create_subprocess_exec
    transport, protocol = await loop.subprocess_exec(
  File "C:\Users\annac\AppData\Local\Programs\Python\Python310\lib\asyncio\base_events.py", line 1681, in subprocess_exec
    transport = await self._make_subprocess_transport(
  File "C:\Users\annac\AppData\Local\Programs\Python\Python310\lib\asyncio\base_events.py", line 498, in _make_subprocess_transport
    raise NotImplementedError
NotImplementedError
2026-01-17 02:43:39,669 [ERROR] Task exception was never retrieved
future: <Task finished name='Task-10' coro=<Connection.run() done, defined at c:\Users\annac\OSINT\bakasura\.venv\lib\site-packages\playwright\_impl\_connection.py:305> exception=NotImplementedError()>
Traceback (most recent call last):
  File "C:\Users\annac\AppData\Local\Programs\Python\Python310\lib\asyncio\tasks.py", line 232, in __step
    result = coro.send(None)
  File "c:\Users\annac\OSINT\bakasura\.venv\lib\site-packages\playwright\_impl\_connection.py", line 312, in run
    await self._transport.connect()
  File "c:\Users\annac\OSINT\bakasura\.venv\lib\site-packages\playwright\_impl\_transport.py", line 133, in connect
    raise exc
  File "c:\Users\annac\OSINT\bakasura\.venv\lib\site-packages\playwright\_impl\_transport.py", line 120, in connect
    self._proc = await asyncio.create_subprocess_exec(
  File "C:\Users\annac\AppData\Local\Programs\Python\Python310\lib\asyncio\subprocess.py", line 218, in create_subprocess_exec
    transport, protocol = await loop.subprocess_exec(
  File "C:\Users\annac\AppData\Local\Programs\Python\Python310\lib\asyncio\base_events.py", line 1681, in subprocess_exec
    transport = await self._make_subprocess_transport(
  File "C:\Users\annac\AppData\Local\Programs\Python\Python310\lib\asyncio\base_events.py", line 498, in _make_subprocess_transport
    raise NotImplementedError
NotImplementedError
2026-01-17 02:43:39,670 [ERROR] Task exception was never retrieved
future: <Task finished name='Task-12' coro=<Connection.run() done, defined at c:\Users\annac\OSINT\bakasura\.venv\lib\site-packages\playwright\_impl\_connection.py:305> exception=NotImplementedError()>
Traceback (most recent call last):
  File "C:\Users\annac\AppData\Local\Programs\Python\Python310\lib\asyncio\tasks.py", line 232, in __step
    result = coro.send(None)
  File "c:\Users\annac\OSINT\bakasura\.venv\lib\site-packages\playwright\_impl\_connection.py", line 312, in run
    await self._transport.connect()
  File "c:\Users\annac\OSINT\bakasura\.venv\lib\site-packages\playwright\_impl\_transport.py", line 133, in connect
    raise exc
  File "c:\Users\annac\OSINT\bakasura\.venv\lib\site-packages\playwright\_impl\_transport.py", line 120, in connect
    self._proc = await asyncio.create_subprocess_exec(
  File "C:\Users\annac\AppData\Local\Programs\Python\Python310\lib\asyncio\subprocess.py", line 218, in create_subprocess_exec
    transport, protocol = await loop.subprocess_exec(
  File "C:\Users\annac\AppData\Local\Programs\Python\Python310\lib\asyncio\base_events.py", line 1681, in subprocess_exec
    transport = await self._make_subprocess_transport(
  File "C:\Users\annac\AppData\Local\Programs\Python\Python310\lib\asyncio\base_events.py", line 498, in _make_subprocess_transport
    raise NotImplementedError
NotImplementedError
2026-01-17 02:43:39,709 [INFO] Response Status: 200
2026-01-17 02:45:26,818 [INFO] Incoming Request: POST /analyze
2026-01-17 02:45:28,847 [ERROR] Task exception was never retrieved
future: <Task finished name='Task-8' coro=<Connection.run() done, defined at c:\Users\annac\OSINT\bakasura\.venv\lib\site-packages\playwright\_impl\_connection.py:305> exception=NotImplementedError()>
Traceback (most recent call last):
  File "C:\Users\annac\AppData\Local\Programs\Python\Python310\lib\asyncio\tasks.py", line 232, in __step
    result = coro.send(None)
  File "c:\Users\annac\OSINT\bakasura\.venv\lib\site-packages\playwright\_impl\_connection.py", line 312, in run
    await self._transport.connect()
  File "c:\Users\annac\OSINT\bakasura\.venv\lib\site-packages\playwright\_impl\_transport.py", line 133, in connect
    raise exc
  File "c:\Users\annac\OSINT\bakasura\.venv\lib\site-packages\playwright\_impl\_transport.py", line 120, in connect
    self._proc = await asyncio.create_subprocess_exec(
  File "C:\Users\annac\AppData\Local\Programs\Python\Python310\lib\asyncio\subprocess.py", line 218, in create_subprocess_exec
    transport, protocol = await loop.subprocess_exec(
  File "C:\Users\annac\AppData\Local\Programs\Python\Python310\lib\asyncio\base_events.py", line 1681, in subprocess_exec
    transport = await self._make_subprocess_transport(
  File "C:\Users\annac\AppData\Local\Programs\Python\Python310\lib\asyncio\base_events.py", line 498, in _make_subprocess_transport
    raise NotImplementedError
NotImplementedError
2026-01-17 02:45:28,850 [ERROR] Task exception was never retrieved
future: <Task finished name='Task-9' coro=<Connection.run() done, defined at c:\Users\annac\OSINT\bakasura\.venv\lib\site-packages\playwright\_impl\_connection.py:305> exception=NotImplementedError()>
Traceback (most recent call last):
  File "C:\Users\annac\AppData\Local\Programs\Python\Python310\lib\asyncio\tasks.py", line 232, in __step
    result = coro.send(None)
  File "c:\Users\annac\OSINT\bakasura\.venv\lib\site-packages\playwright\_impl\_connection.py", line 312, in run
    await self._transport.connect()
  File "c:\Users\annac\OSINT\bakasura\.venv\lib\site-packages\playwright\_impl\_transport.py", line 133, in connect
    raise exc
  File "c:\Users\annac\OSINT\bakasura\.venv\lib\site-packages\playwright\_impl\_transport.py", line 120, in connect
    self._proc = await asyncio.create_subprocess_exec(
  File "C:\Users\annac\AppData\Local\Programs\Python\Python310\lib\asyncio\subprocess.py", line 218, in create_subprocess_exec
    transport, protocol = await loop.subprocess_exec(
  File "C:\Users\annac\AppData\Local\Programs\Python\Python310\lib\asyncio\base_events.py", line 1681, in subprocess_exec
    transport = await self._make_subprocess_transport(
  File "C:\Users\annac\AppData\Local\Programs\Python\Python310\lib\asyncio\base_events.py", line 498, in _make_subprocess_transport
    raise NotImplementedError
NotImplementedError
2026-01-17 02:45:28,852 [ERROR] Task exception was never retrieved
future: <Task finished name='Task-10' coro=<Connection.run() done, defined at c:\Users\annac\OSINT\bakasura\.venv\lib\site-packages\playwright\_impl\_connection.py:305> exception=NotImplementedError()>
Traceback (most recent call last):
  File "C:\Users\annac\AppData\Local\Programs\Python\Python310\lib\asyncio\tasks.py", line 232, in __step
    result = coro.send(None)
  File "c:\Users\annac\OSINT\bakasura\.venv\lib\site-packages\playwright\_impl\_connection.py", line 312, in run
    await self._transport.connect()
  File "c:\Users\annac\OSINT\bakasura\.venv\lib\site-packages\playwright\_impl\_transport.py", line 133, in connect
    raise exc
  File "c:\Users\annac\OSINT\bakasura\.venv\lib\site-packages\playwright\_impl\_transport.py", line 120, in connect
    self._proc = await asyncio.create_subprocess_exec(
  File "C:\Users\annac\AppData\Local\Programs\Python\Python310\lib\asyncio\subprocess.py", line 218, in create_subprocess_exec
    transport, protocol = await loop.subprocess_exec(
  File "C:\Users\annac\AppData\Local\Programs\Python\Python310\lib\asyncio\base_events.py", line 1681, in subprocess_exec
    transport = await self._make_subprocess_transport(
  File "C:\Users\annac\AppData\Local\Programs\Python\Python310\lib\asyncio\base_events.py", line 498, in _make_subprocess_transport
    raise NotImplementedError
NotImplementedError
2026-01-17 02:45:28,891 [INFO] Response Status: 200
2026-01-17 02:47:04,037 [INFO] Incoming Request: POST /analyze
2026-01-17 02:47:06,101 [ERROR] Task exception was never retrieved
future: <Task finished name='Task-9' coro=<Connection.run() done, defined at c:\Users\annac\OSINT\bakasura\.venv\lib\site-packages\playwright\_impl\_connection.py:305> exception=NotImplementedError()>
Traceback (most recent call last):
  File "c:\Users\annac\OSINT\bakasura\.venv\lib\site-packages\playwright\_impl\_connection.py", line 312, in run
    await self._transport.connect()
  File "c:\Users\annac\OSINT\bakasura\.venv\lib\site-packages\playwright\_impl\_transport.py", line 133, in connect
    raise exc
  File "c:\Users\annac\OSINT\bakasura\.venv\lib\site-packages\playwright\_impl\_transport.py", line 120, in connect
    self._proc = await asyncio.create_subprocess_exec(
  File "C:\Users\annac\AppData\Local\Programs\Python\Python310\lib\asyncio\subprocess.py", line 218, in create_subprocess_exec
    transport, protocol = await loop.subprocess_exec(
  File "C:\Users\annac\AppData\Local\Programs\Python\Python310\lib\asyncio\base_events.py", line 1681, in subprocess_exec
    transport = await self._make_subprocess_transport(
  File "C:\Users\annac\AppData\Local\Programs\Python\Python310\lib\asyncio\base_events.py", line 498, in _make_subprocess_transport
    raise NotImplementedError
NotImplementedError
2026-01-17 02:47:06,103 [ERROR] Task exception was never retrieved
future: <Task finished name='Task-10' coro=<Connection.run() done, defined at c:\Users\annac\OSINT\bakasura\.venv\lib\site-packages\playwright\_impl\_connection.py:305> exception=NotImplementedError()>
Traceback (most recent call last):
  File "c:\Users\annac\OSINT\bakasura\.venv\lib\site-packages\playwright\_impl\_connection.py", line 312, in run
    await self._transport.connect()
  File "c:\Users\annac\OSINT\bakasura\.venv\lib\site-packages\playwright\_impl\_transport.py", line 133, in connect
    raise exc
  File "c:\Users\annac\OSINT\bakasura\.venv\lib\site-packages\playwright\_impl\_transport.py", line 120, in connect
    self._proc = await asyncio.create_subprocess_exec(
  File "C:\Users\annac\AppData\Local\Programs\Python\Python310\lib\asyncio\subprocess.py", line 218, in create_subprocess_exec
    transport, protocol = await loop.subprocess_exec(
  File "C:\Users\annac\AppData\Local\Programs\Python\Python310\lib\asyncio\base_events.py", line 1681, in subprocess_exec
    transport = await self._make_subprocess_transport(
  File "C:\Users\annac\AppData\Local\Programs\Python\Python310\lib\asyncio\base_events.py", line 498, in _make_subprocess_transport
    raise NotImplementedError
NotImplementedError
2026-01-17 02:47:06,104 [ERROR] Task exception was never retrieved
future: <Task finished name='Task-11' coro=<Connection.run() done, defined at c:\Users\annac\OSINT\bakasura\.venv\lib\site-packages\playwright\_impl\_connection.py:305> exception=NotImplementedError()>
Traceback (most recent call last):
  File "c:\Users\annac\OSINT\bakasura\.venv\lib\site-packages\playwright\_impl\_connection.py", line 312, in run
    await self._transport.connect()
  File "c:\Users\annac\OSINT\bakasura\.venv\lib\site-packages\playwright\_impl\_transport.py", line 133, in connect
    raise exc
  File "c:\Users\annac\OSINT\bakasura\.venv\lib\site-packages\playwright\_impl\_transport.py", line 120, in connect
    self._proc = await asyncio.create_subprocess_exec(
  File "C:\Users\annac\AppData\Local\Programs\Python\Python310\lib\asyncio\subprocess.py", line 218, in create_subprocess_exec
    transport, protocol = await loop.subprocess_exec(
  File "C:\Users\annac\AppData\Local\Programs\Python\Python310\lib\asyncio\base_events.py", line 1681, in subprocess_exec
    transport = await self._make_subprocess_transport(
  File "C:\Users\annac\AppData\Local\Programs\Python\Python310\lib\asyncio\base_events.py", line 498, in _make_subprocess_transport
    raise NotImplementedError
NotImplementedError
2026-01-17 02:47:06,142 [INFO] Response Status: 200
2026-01-17 02:56:44,562 [INFO] Incoming Request: GET /
2026-01-17 02:56:44,564 [INFO] Response Status: 200
2026-01-17 02:56:44,568 [INFO] Incoming Request: POST /analyze
2026-01-17 02:56:46,249 [ERROR] Task exception was never retrieved
future: <Task finished name='Task-12' coro=<Connection.run() done, defined at C:\Users\annac\OSINT\bakasura\.venv\lib\site-packages\playwright\_impl\_connection.py:305> exception=NotImplementedError()>
Traceback (most recent call last):
  File "C:\Users\annac\OSINT\bakasura\.venv\lib\site-packages\playwright\_impl\_connection.py", line 312, in run
    await self._transport.connect()
  File "C:\Users\annac\OSINT\bakasura\.venv\lib\site-packages\playwright\_impl\_transport.py", line 133, in connect
    raise exc
  File "C:\Users\annac\OSINT\bakasura\.venv\lib\site-packages\playwright\_impl\_transport.py", line 120, in connect
    self._proc = await asyncio.create_subprocess_exec(
  File "C:\Users\annac\AppData\Local\Programs\Python\Python310\lib\asyncio\subprocess.py", line 218, in create_subprocess_exec
    transport, protocol = await loop.subprocess_exec(
  File "C:\Users\annac\AppData\Local\Programs\Python\Python310\lib\asyncio\base_events.py", line 1681, in subprocess_exec
    transport = await self._make_subprocess_transport(
  File "C:\Users\annac\AppData\Local\Programs\Python\Python310\lib\asyncio\base_events.py", line 498, in _make_subprocess_transport
    raise NotImplementedError
NotImplementedError
2026-01-17 02:56:46,251 [ERROR] Task exception was never retrieved
future: <Task finished name='Task-13' coro=<Connection.run() done, defined at C:\Users\annac\OSINT\bakasura\.venv\lib\site-packages\playwright\_impl\_connection.py:305> exception=NotImplementedError()>
Traceback (most recent call last):
  File "C:\Users\annac\OSINT\bakasura\.venv\lib\site-packages\playwright\_impl\_connection.py", line 312, in run
    await self._transport.connect()
  File "C:\Users\annac\OSINT\bakasura\.venv\lib\site-packages\playwright\_impl\_transport.py", line 133, in connect
    raise exc
  File "C:\Users\annac\OSINT\bakasura\.venv\lib\site-packages\playwright\_impl\_transport.py", line 120, in connect
    self._proc = await asyncio.create_subprocess_exec(
  File "C:\Users\annac\AppData\Local\Programs\Python\Python310\lib\asyncio\subprocess.py", line 218, in create_subprocess_exec
    transport, protocol = await loop.subprocess_exec(
  File "C:\Users\annac\AppData\Local\Programs\Python\Python310\lib\asyncio\base_events.py", line 1681, in subprocess_exec
    transport = await self._make_subprocess_transport(
  File "C:\Users\annac\AppData\Local\Programs\Python\Python310\lib\asyncio\base_events.py", line 498, in _make_subprocess_transport
    raise NotImplementedError
NotImplementedError
2026-01-17 02:56:46,253 [ERROR] Task exception was never retrieved
future: <Task finished name='Task-14' coro=<Connection.run() done, defined at C:\Users\annac\OSINT\bakasura\.venv\lib\site-packages\playwright\_impl\_connection.py:305> exception=NotImplementedError()>
Traceback (most recent call last):
  File "C:\Users\annac\OSINT\bakasura\.venv\lib\site-packages\playwright\_impl\_connection.py", line 312, in run
    await self._transport.connect()
  File "C:\Users\annac\OSINT\bakasura\.venv\lib\site-packages\playwright\_impl\_transport.py", line 133, in connect
    raise exc
  File "C:\Users\annac\OSINT\bakasura\.venv\lib\site-packages\playwright\_impl\_transport.py", line 120, in connect
    self._proc = await asyncio.create_subprocess_exec(
  File "C:\Users\annac\AppData\Local\Programs\Python\Python310\lib\asyncio\subprocess.py", line 218, in create_subprocess_exec
    transport, protocol = await loop.subprocess_exec(
  File "C:\Users\annac\AppData\Local\Programs\Python\Python310\lib\asyncio\base_events.py", line 1681, in subprocess_exec
    transport = await self._make_subprocess_transport(
  File "C:\Users\annac\AppData\Local\Programs\Python\Python310\lib\asyncio\base_events.py", line 498, in _make_subprocess_transport
    raise NotImplementedError
NotImplementedError
2026-01-17 13:11:39,337 [INFO] Incoming Request: POST /analyze
2026-01-17 13:11:41,538 [ERROR] Task exception was never retrieved
future: <Task finished name='Task-9' coro=<Connection.run() done, defined at c:\Users\annac\OSINT\bakasura\.venv\lib\site-packages\playwright\_impl\_connection.py:305> exception=NotImplementedError()>
Traceback (most recent call last):
  File "c:\Users\annac\OSINT\bakasura\.venv\lib\site-packages\playwright\_impl\_connection.py", line 312, in run
    await self._transport.connect()
  File "c:\Users\annac\OSINT\bakasura\.venv\lib\site-packages\playwright\_impl\_transport.py", line 133, in connect
    raise exc
  File "c:\Users\annac\OSINT\bakasura\.venv\lib\site-packages\playwright\_impl\_transport.py", line 120, in connect
    self._proc = await asyncio.create_subprocess_exec(
  File "C:\Users\annac\AppData\Local\Programs\Python\Python310\lib\asyncio\subprocess.py", line 218, in create_subprocess_exec
    transport, protocol = await loop.subprocess_exec(
  File "C:\Users\annac\AppData\Local\Programs\Python\Python310\lib\asyncio\base_events.py", line 1681, in subprocess_exec
    transport = await self._make_subprocess_transport(
  File "C:\Users\annac\AppData\Local\Programs\Python\Python310\lib\asyncio\base_events.py", line 498, in _make_subprocess_transport
    raise NotImplementedError
NotImplementedError
2026-01-17 13:11:41,609 [ERROR] Task exception was never retrieved
future: <Task finished name='Task-10' coro=<Connection.run() done, defined at c:\Users\annac\OSINT\bakasura\.venv\lib\site-packages\playwright\_impl\_connection.py:305> exception=NotImplementedError()>
Traceback (most recent call last):
  File "c:\Users\annac\OSINT\bakasura\.venv\lib\site-packages\playwright\_impl\_connection.py", line 312, in run
    await self._transport.connect()
  File "c:\Users\annac\OSINT\bakasura\.venv\lib\site-packages\playwright\_impl\_transport.py", line 133, in connect
    raise exc
  File "c:\Users\annac\OSINT\bakasura\.venv\lib\site-packages\playwright\_impl\_transport.py", line 120, in connect
    self._proc = await asyncio.create_subprocess_exec(
  File "C:\Users\annac\AppData\Local\Programs\Python\Python310\lib\asyncio\subprocess.py", line 218, in create_subprocess_exec
    transport, protocol = await loop.subprocess_exec(
  File "C:\Users\annac\AppData\Local\Programs\Python\Python310\lib\asyncio\base_events.py", line 1681, in subprocess_exec
    transport = await self._make_subprocess_transport(
  File "C:\Users\annac\AppData\Local\Programs\Python\Python310\lib\asyncio\base_events.py", line 498, in _make_subprocess_transport
    raise NotImplementedError
NotImplementedError
2026-01-17 13:11:41,612 [ERROR] Task exception was never retrieved
future: <Task finished name='Task-11' coro=<Connection.run() done, defined at c:\Users\annac\OSINT\bakasura\.venv\lib\site-packages\playwright\_impl\_connection.py:305> exception=NotImplementedError()>
Traceback (most recent call last):
  File "c:\Users\annac\OSINT\bakasura\.venv\lib\site-packages\playwright\_impl\_connection.py", line 312, in run
    await self._transport.connect()
  File "c:\Users\annac\OSINT\bakasura\.venv\lib\site-packages\playwright\_impl\_transport.py", line 133, in connect
    raise exc
  File "c:\Users\annac\OSINT\bakasura\.venv\lib\site-packages\playwright\_impl\_transport.py", line 120, in connect
    self._proc = await asyncio.create_subprocess_exec(
  File "C:\Users\annac\AppData\Local\Programs\Python\Python310\lib\asyncio\subprocess.py", line 218, in create_subprocess_exec
    transport, protocol = await loop.subprocess_exec(
  File "C:\Users\annac\AppData\Local\Programs\Python\Python310\lib\asyncio\base_events.py", line 1681, in subprocess_exec
    transport = await self._make_subprocess_transport(
  File "C:\Users\annac\AppData\Local\Programs\Python\Python310\lib\asyncio\base_events.py", line 498, in _make_subprocess_transport
    raise NotImplementedError
NotImplementedError
2026-01-17 13:11:41,646 [INFO] Response Status: 200
2026-01-17 13:12:50,524 [INFO] Incoming Request: GET /
2026-01-17 13:12:50,530 [INFO] Response Status: 200
2026-01-17 13:12:50,541 [INFO] Incoming Request: POST /analyze
2026-01-17 13:12:52,940 [ERROR] Task exception was never retrieved
future: <Task finished name='Task-12' coro=<Connection.run() done, defined at c:\Users\annac\OSINT\bakasura\.venv\lib\site-packages\playwright\_impl\_connection.py:305> exception=NotImplementedError()>
Traceback (most recent call last):
  File "c:\Users\annac\OSINT\bakasura\.venv\lib\site-packages\playwright\_impl\_connection.py", line 312, in run
    await self._transport.connect()
  File "c:\Users\annac\OSINT\bakasura\.venv\lib\site-packages\playwright\_impl\_transport.py", line 133, in connect
    raise exc
  File "c:\Users\annac\OSINT\bakasura\.venv\lib\site-packages\playwright\_impl\_transport.py", line 120, in connect
    self._proc = await asyncio.create_subprocess_exec(
  File "C:\Users\annac\AppData\Local\Programs\Python\Python310\lib\asyncio\subprocess.py", line 218, in create_subprocess_exec
    transport, protocol = await loop.subprocess_exec(
  File "C:\Users\annac\AppData\Local\Programs\Python\Python310\lib\asyncio\base_events.py", line 1681, in subprocess_exec
    transport = await self._make_subprocess_transport(
  File "C:\Users\annac\AppData\Local\Programs\Python\Python310\lib\asyncio\base_events.py", line 498, in _make_subprocess_transport
    raise NotImplementedError
NotImplementedError
2026-01-17 13:12:52,943 [ERROR] Task exception was never retrieved
future: <Task finished name='Task-13' coro=<Connection.run() done, defined at c:\Users\annac\OSINT\bakasura\.venv\lib\site-packages\playwright\_impl\_connection.py:305> exception=NotImplementedError()>
Traceback (most recent call last):
  File "c:\Users\annac\OSINT\bakasura\.venv\lib\site-packages\playwright\_impl\_connection.py", line 312, in run
    await self._transport.connect()
  File "c:\Users\annac\OSINT\bakasura\.venv\lib\site-packages\playwright\_impl\_transport.py", line 133, in connect
    raise exc
  File "c:\Users\annac\OSINT\bakasura\.venv\lib\site-packages\playwright\_impl\_transport.py", line 120, in connect
    self._proc = await asyncio.create_subprocess_exec(
  File "C:\Users\annac\AppData\Local\Programs\Python\Python310\lib\asyncio\subprocess.py", line 218, in create_subprocess_exec
    transport, protocol = await loop.subprocess_exec(
  File "C:\Users\annac\AppData\Local\Programs\Python\Python310\lib\asyncio\base_events.py", line 1681, in subprocess_exec
    transport = await self._make_subprocess_transport(
  File "C:\Users\annac\AppData\Local\Programs\Python\Python310\lib\asyncio\base_events.py", line 498, in _make_subprocess_transport
    raise NotImplementedError
NotImplementedError
2026-01-17 13:12:52,945 [ERROR] Task exception was never retrieved
future: <Task finished name='Task-14' coro=<Connection.run() done, defined at c:\Users\annac\OSINT\bakasura\.venv\lib\site-packages\playwright\_impl\_connection.py:305> exception=NotImplementedError()>
Traceback (most recent call last):
  File "c:\Users\annac\OSINT\bakasura\.venv\lib\site-packages\playwright\_impl\_connection.py", line 312, in run
    await self._transport.connect()
  File "c:\Users\annac\OSINT\bakasura\.venv\lib\site-packages\playwright\_impl\_transport.py", line 133, in connect
    raise exc
  File "c:\Users\annac\OSINT\bakasura\.venv\lib\site-packages\playwright\_impl\_transport.py", line 120, in connect
    self._proc = await asyncio.create_subprocess_exec(
  File "C:\Users\annac\AppData\Local\Programs\Python\Python310\lib\asyncio\subprocess.py", line 218, in create_subprocess_exec
    transport, protocol = await loop.subprocess_exec(
  File "C:\Users\annac\AppData\Local\Programs\Python\Python310\lib\asyncio\base_events.py", line 1681, in subprocess_exec
    transport = await self._make_subprocess_transport(
  File "C:\Users\annac\AppData\Local\Programs\Python\Python310\lib\asyncio\base_events.py", line 498, in _make_subprocess_transport
    raise NotImplementedError
NotImplementedError
2026-01-17 13:12:52,979 [INFO] Response Status: 200
2026-01-17 13:13:31,912 [INFO] Incoming Request: GET /
2026-01-17 13:13:31,913 [INFO] Response Status: 200
2026-01-17 13:13:31,917 [INFO] Incoming Request: POST /analyze
2026-01-17 13:13:33,989 [ERROR] Task exception was never retrieved
future: <Task finished name='Task-30' coro=<Connection.run() done, defined at c:\Users\annac\OSINT\bakasura\.venv\lib\site-packages\playwright\_impl\_connection.py:305> exception=NotImplementedError()>
Traceback (most recent call last):
  File "c:\Users\annac\OSINT\bakasura\.venv\lib\site-packages\playwright\_impl\_connection.py", line 312, in run
    await self._transport.connect()
  File "c:\Users\annac\OSINT\bakasura\.venv\lib\site-packages\playwright\_impl\_transport.py", line 133, in connect
    raise exc
  File "c:\Users\annac\OSINT\bakasura\.venv\lib\site-packages\playwright\_impl\_transport.py", line 120, in connect
    self._proc = await asyncio.create_subprocess_exec(
  File "C:\Users\annac\AppData\Local\Programs\Python\Python310\lib\asyncio\subprocess.py", line 218, in create_subprocess_exec
    transport, protocol = await loop.subprocess_exec(
  File "C:\Users\annac\AppData\Local\Programs\Python\Python310\lib\asyncio\base_events.py", line 1681, in subprocess_exec
    transport = await self._make_subprocess_transport(
  File "C:\Users\annac\AppData\Local\Programs\Python\Python310\lib\asyncio\base_events.py", line 498, in _make_subprocess_transport
    raise NotImplementedError
NotImplementedError
2026-01-17 13:13:33,990 [ERROR] Task exception was never retrieved
future: <Task finished name='Task-31' coro=<Connection.run() done, defined at c:\Users\annac\OSINT\bakasura\.venv\lib\site-packages\playwright\_impl\_connection.py:305> exception=NotImplementedError()>
Traceback (most recent call last):
  File "c:\Users\annac\OSINT\bakasura\.venv\lib\site-packages\playwright\_impl\_connection.py", line 312, in run
    await self._transport.connect()
  File "c:\Users\annac\OSINT\bakasura\.venv\lib\site-packages\playwright\_impl\_transport.py", line 133, in connect
    raise exc
  File "c:\Users\annac\OSINT\bakasura\.venv\lib\site-packages\playwright\_impl\_transport.py", line 120, in connect
    self._proc = await asyncio.create_subprocess_exec(
  File "C:\Users\annac\AppData\Local\Programs\Python\Python310\lib\asyncio\subprocess.py", line 218, in create_subprocess_exec
    transport, protocol = await loop.subprocess_exec(
  File "C:\Users\annac\AppData\Local\Programs\Python\Python310\lib\asyncio\base_events.py", line 1681, in subprocess_exec
    transport = await self._make_subprocess_transport(
  File "C:\Users\annac\AppData\Local\Programs\Python\Python310\lib\asyncio\base_events.py", line 498, in _make_subprocess_transport
    raise NotImplementedError
NotImplementedError
2026-01-17 13:13:33,991 [ERROR] Task exception was never retrieved
future: <Task finished name='Task-32' coro=<Connection.run() done, defined at c:\Users\annac\OSINT\bakasura\.venv\lib\site-packages\playwright\_impl\_connection.py:305> exception=NotImplementedError()>
Traceback (most recent call last):
  File "c:\Users\annac\OSINT\bakasura\.venv\lib\site-packages\playwright\_impl\_connection.py", line 312, in run
    await self._transport.connect()
  File "c:\Users\annac\OSINT\bakasura\.venv\lib\site-packages\playwright\_impl\_transport.py", line 133, in connect
    raise exc
  File "c:\Users\annac\OSINT\bakasura\.venv\lib\site-packages\playwright\_impl\_transport.py", line 120, in connect
    self._proc = await asyncio.create_subprocess_exec(
  File "C:\Users\annac\AppData\Local\Programs\Python\Python310\lib\asyncio\subprocess.py", line 218, in create_subprocess_exec
    transport, protocol = await loop.subprocess_exec(
  File "C:\Users\annac\AppData\Local\Programs\Python\Python310\lib\asyncio\base_events.py", line 1681, in subprocess_exec
    transport = await self._make_subprocess_transport(
  File "C:\Users\annac\AppData\Local\Programs\Python\Python310\lib\asyncio\base_events.py", line 498, in _make_subprocess_transport
    raise NotImplementedError
NotImplementedError
2026-01-17 13:13:34,024 [INFO] Response Status: 200
2026-01-17 13:14:01,091 [INFO] Incoming Request: GET /
2026-01-17 13:14:01,091 [INFO] Response Status: 200
2026-01-17 13:14:01,096 [INFO] Incoming Request: POST /analyze
2026-01-17 13:14:03,025 [ERROR] Task exception was never retrieved
future: <Task finished name='Task-48' coro=<Connection.run() done, defined at c:\Users\annac\OSINT\bakasura\.venv\lib\site-packages\playwright\_impl\_connection.py:305> exception=NotImplementedError()>
Traceback (most recent call last):
  File "c:\Users\annac\OSINT\bakasura\.venv\lib\site-packages\playwright\_impl\_connection.py", line 312, in run
    await self._transport.connect()
  File "c:\Users\annac\OSINT\bakasura\.venv\lib\site-packages\playwright\_impl\_transport.py", line 133, in connect
    raise exc
  File "c:\Users\annac\OSINT\bakasura\.venv\lib\site-packages\playwright\_impl\_transport.py", line 120, in connect
    self._proc = await asyncio.create_subprocess_exec(
  File "C:\Users\annac\AppData\Local\Programs\Python\Python310\lib\asyncio\subprocess.py", line 218, in create_subprocess_exec
    transport, protocol = await loop.subprocess_exec(
  File "C:\Users\annac\AppData\Local\Programs\Python\Python310\lib\asyncio\base_events.py", line 1681, in subprocess_exec
    transport = await self._make_subprocess_transport(
  File "C:\Users\annac\AppData\Local\Programs\Python\Python310\lib\asyncio\base_events.py", line 498, in _make_subprocess_transport
    raise NotImplementedError
NotImplementedError
2026-01-17 13:14:03,027 [ERROR] Task exception was never retrieved
future: <Task finished name='Task-49' coro=<Connection.run() done, defined at c:\Users\annac\OSINT\bakasura\.venv\lib\site-packages\playwright\_impl\_connection.py:305> exception=NotImplementedError()>
Traceback (most recent call last):
  File "c:\Users\annac\OSINT\bakasura\.venv\lib\site-packages\playwright\_impl\_connection.py", line 312, in run
    await self._transport.connect()
  File "c:\Users\annac\OSINT\bakasura\.venv\lib\site-packages\playwright\_impl\_transport.py", line 133, in connect
    raise exc
  File "c:\Users\annac\OSINT\bakasura\.venv\lib\site-packages\playwright\_impl\_transport.py", line 120, in connect
    self._proc = await asyncio.create_subprocess_exec(
  File "C:\Users\annac\AppData\Local\Programs\Python\Python310\lib\asyncio\subprocess.py", line 218, in create_subprocess_exec
    transport, protocol = await loop.subprocess_exec(
  File "C:\Users\annac\AppData\Local\Programs\Python\Python310\lib\asyncio\base_events.py", line 1681, in subprocess_exec
    transport = await self._make_subprocess_transport(
  File "C:\Users\annac\AppData\Local\Programs\Python\Python310\lib\asyncio\base_events.py", line 498, in _make_subprocess_transport
    raise NotImplementedError
NotImplementedError
2026-01-17 13:14:03,031 [ERROR] Task exception was never retrieved
future: <Task finished name='Task-50' coro=<Connection.run() done, defined at c:\Users\annac\OSINT\bakasura\.venv\lib\site-packages\playwright\_impl\_connection.py:305> exception=NotImplementedError()>
Traceback (most recent call last):
  File "c:\Users\annac\OSINT\bakasura\.venv\lib\site-packages\playwright\_impl\_connection.py", line 312, in run
    await self._transport.connect()
  File "c:\Users\annac\OSINT\bakasura\.venv\lib\site-packages\playwright\_impl\_transport.py", line 133, in connect
    raise exc
  File "c:\Users\annac\OSINT\bakasura\.venv\lib\site-packages\playwright\_impl\_transport.py", line 120, in connect
    self._proc = await asyncio.create_subprocess_exec(
  File "C:\Users\annac\AppData\Local\Programs\Python\Python310\lib\asyncio\subprocess.py", line 218, in create_subprocess_exec
    transport, protocol = await loop.subprocess_exec(
  File "C:\Users\annac\AppData\Local\Programs\Python\Python310\lib\asyncio\base_events.py", line 1681, in subprocess_exec
    transport = await self._make_subprocess_transport(
  File "C:\Users\annac\AppData\Local\Programs\Python\Python310\lib\asyncio\base_events.py", line 498, in _make_subprocess_transport
    raise NotImplementedError
NotImplementedError
2026-01-17 13:14:03,069 [INFO] Response Status: 200
2026-01-17 14:47:24,201 [INFO] Incoming Request: POST /analyze
2026-01-17 14:48:56,089 [INFO] HTTP Request: POST http://127.0.0.1:11434/api/chat "HTTP/1.1 200 OK"
2026-01-17 14:50:22,793 [INFO] HTTP Request: POST http://127.0.0.1:11434/api/chat "HTTP/1.1 200 OK"
2026-01-17 14:50:31,163 [INFO] HTTP Request: POST http://127.0.0.1:11434/api/chat "HTTP/1.1 200 OK"
2026-01-17 14:50:44,267 [INFO] Response Status: 200
2026-01-17 15:05:24,507 [INFO] Incoming Request: POST /analyze
2026-01-17 15:07:52,893 [INFO] HTTP Request: POST http://127.0.0.1:11434/api/chat "HTTP/1.1 200 OK"
2026-01-17 15:12:40,758 [INFO] HTTP Request: POST http://127.0.0.1:11434/api/chat "HTTP/1.1 200 OK"
2026-01-17 15:13:06,350 [INFO] HTTP Request: POST http://127.0.0.1:11434/api/chat "HTTP/1.1 200 OK"
2026-01-17 15:13:18,482 [INFO] HTTP Request: POST http://127.0.0.1:11434/api/chat "HTTP/1.1 200 OK"
2026-01-17 15:13:41,824 [INFO] Response Status: 200
2026-01-17 15:39:09,422 [INFO] Incoming Request: POST /analyze
2026-01-17 15:39:11,314 [INFO] response: https://www.bing.com/search?q=%22%D0%9F%D0%B0%D0%B2%D0%B5%D0%BB+%D0%A1%D1%82%D0%BE%D0%BB%D0%B1%D0%BE%D0%B2%D1%81%D0%BA%D0%B8%D0%B9%22+%22%D0%91%D0%B0%D1%80%D0%BD%D0%B0%D1%83%D0%BB%22 200
2026-01-17 15:42:33,263 [INFO] Incoming Request: GET /
2026-01-17 15:42:33,264 [INFO] Response Status: 200
2026-01-17 15:42:33,269 [INFO] Incoming Request: POST /analyze
2026-01-17 15:42:35,330 [WARNING] KeyError('api') - backend is not exist or disabled. Available: brave, duckduckgo, google, grokipedia, mojeek, wikipedia, yahoo, yandex. Using 'auto'
2026-01-17 15:42:36,487 [INFO] response: https://en.wikipedia.org/w/api.php?action=opensearch&profile=fuzzy&limit=1&search=%22%D0%9F%D0%B0%D0%B2%D0%B5%D0%BB%20%D0%A1%D1%82%D0%BE%D0%BB%D0%B1%D0%BE%D0%B2%D1%81%D0%BA%D0%B8%D0%B9%22%20%22%D0%91%D0%B0%D1%80%D0%BD%D0%B0%D1%83%D0%BB%22 200
2026-01-17 15:42:37,113 [INFO] response: https://grokipedia.com/api/typeahead?query=%22%D0%9F%D0%B0%D0%B2%D0%B5%D0%BB+%D0%A1%D1%82%D0%BE%D0%BB%D0%B1%D0%BE%D0%B2%D1%81%D0%BA%D0%B8%D0%B9%22+%22%D0%91%D0%B0%D1%80%D0%BD%D0%B0%D1%83%D0%BB%22&limit=1 200
2026-01-17 15:42:38,086 [INFO] response: https://search.brave.com/search?q=%22%D0%9F%D0%B0%D0%B2%D0%B5%D0%BB+%D0%A1%D1%82%D0%BE%D0%BB%D0%B1%D0%BE%D0%B2%D1%81%D0%BA%D0%B8%D0%B9%22+%22%D0%91%D0%B0%D1%80%D0%BD%D0%B0%D1%83%D0%BB%22&source=web 200
2026-01-17 15:46:46,079 [INFO] Incoming Request: POST /analyze
2026-01-17 15:46:47,762 [WARNING] KeyError('api') - backend is not exist or disabled. Available: brave, duckduckgo, google, grokipedia, mojeek, wikipedia, yahoo, yandex. Using 'auto'
2026-01-17 15:46:48,609 [INFO] response: https://en.wikipedia.org/w/api.php?action=opensearch&profile=fuzzy&limit=1&search=%22%D0%9F%D0%B0%D0%B2%D0%B5%D0%BB%20%D0%A1%D1%82%D0%BE%D0%BB%D0%B1%D0%BE%D0%B2%D1%81%D0%BA%D0%B8%D0%B9%22%20%22%D0%91%D0%B0%D1%80%D0%BD%D0%B0%D1%83%D0%BB%22 200
2026-01-17 15:46:49,407 [INFO] response: https://grokipedia.com/api/typeahead?query=%22%D0%9F%D0%B0%D0%B2%D0%B5%D0%BB+%D0%A1%D1%82%D0%BE%D0%BB%D0%B1%D0%BE%D0%B2%D1%81%D0%BA%D0%B8%D0%B9%22+%22%D0%91%D0%B0%D1%80%D0%BD%D0%B0%D1%83%D0%BB%22&limit=1 200
2026-01-17 15:46:51,052 [INFO] response: https://yandex.com/search/site/?text=%22%D0%9F%D0%B0%D0%B2%D0%B5%D0%BB+%D0%A1%D1%82%D0%BE%D0%BB%D0%B1%D0%BE%D0%B2%D1%81%D0%BA%D0%B8%D0%B9%22+%22%D0%91%D0%B0%D1%80%D0%BD%D0%B0%D1%83%D0%BB%22&web=1&searchid=2484906 200
2026-01-17 15:50:21,023 [INFO] HTTP Request: POST http://127.0.0.1:11434/api/chat "HTTP/1.1 200 OK"
2026-01-17 15:50:28,156 [WARNING] KeyError('api') - backend is not exist or disabled. Available: brave, duckduckgo, google, grokipedia, mojeek, wikipedia, yahoo, yandex. Using 'auto'
2026-01-17 15:50:29,265 [INFO] response: https://en.wikipedia.org/w/api.php?action=opensearch&profile=fuzzy&limit=1&search=fl.ru%20profile%20ID%3A999677 200
2026-01-17 15:50:29,347 [INFO] response: https://grokipedia.com/api/typeahead?query=fl.ru+profile+ID%3A999677&limit=1 200
2026-01-17 15:50:31,500 [INFO] response: https://www.mojeek.com/search?q=fl.ru+profile+ID%3A999677 200
2026-01-17 15:50:32,520 [INFO] HTTP Request: POST https://html.duckduckgo.com/html/ "HTTP/2 200 OK"
2026-01-17 15:53:11,799 [WARNING] KeyError('api') - backend is not exist or disabled. Available: brave, duckduckgo, google, grokipedia, mojeek, wikipedia, yahoo, yandex. Using 'auto'
2026-01-17 15:53:12,620 [INFO] response: https://en.wikipedia.org/w/api.php?action=opensearch&profile=fuzzy&limit=1&search=TenChat%20username%3A%20solomoon83 200
2026-01-17 15:53:13,074 [INFO] response: https://grokipedia.com/api/typeahead?query=TenChat+username%3A+solomoon83&limit=1 200
2026-01-17 15:53:15,148 [INFO] response: https://www.mojeek.com/search?q=TenChat+username%3A+solomoon83 200
2026-01-17 15:53:16,644 [INFO] response: https://yandex.com/search/site/?text=TenChat+username%3A+solomoon83&web=1&searchid=6960740 200
2026-01-17 15:55:45,532 [WARNING] KeyError('api') - backend is not exist or disabled. Available: brave, duckduckgo, google, grokipedia, mojeek, wikipedia, yahoo, yandex. Using 'auto'
2026-01-17 15:55:46,599 [INFO] response: https://en.wikipedia.org/w/api.php?action=opensearch&profile=fuzzy&limit=1&search=Vkontakte%20ID%3A10869123%2C%20VKontakte%20handle%3A%20vash_psicholog_online 200
2026-01-17 15:55:46,888 [INFO] response: https://grokipedia.com/api/typeahead?query=Vkontakte+ID%3A10869123%2C+VKontakte+handle%3A+vash_psicholog_online&limit=1 200
2026-01-17 15:55:48,411 [INFO] response: https://yandex.com/search/site/?text=Vkontakte+ID%3A10869123%2C+VKontakte+handle%3A+vash_psicholog_online&web=1&searchid=8897316 200
2026-01-17 16:00:08,117 [WARNING] KeyError('api') - backend is not exist or disabled. Available: brave, duckduckgo, google, grokipedia, mojeek, wikipedia, yahoo, yandex. Using 'auto'
2026-01-17 16:00:09,039 [INFO] response: https://en.wikipedia.org/w/api.php?action=opensearch&profile=fuzzy&limit=1&search=Phone%20number%20associated%20with%20Skype%20account%3A%20solomoon83 200
2026-01-17 16:00:09,494 [INFO] response: https://grokipedia.com/api/typeahead?query=Phone+number+associated+with+Skype+account%3A+solomoon83&limit=1 200
2026-01-17 16:00:11,854 [INFO] response: https://www.mojeek.com/search?q=Phone+number+associated+with+Skype+account%3A+solomoon83 200
2026-01-17 16:00:16,045 [INFO] response: https://yandex.com/search/site/?text=Phone+number+associated+with+Skype+account%3A+solomoon83&web=1&searchid=8511872 200
2026-01-17 16:02:34,118 [WARNING] KeyError('api') - backend is not exist or disabled. Available: brave, duckduckgo, google, grokipedia, mojeek, wikipedia, yahoo, yandex. Using 'auto'
2026-01-17 16:02:35,160 [INFO] response: https://grokipedia.com/api/typeahead?query=Email+address+associated+with+TenChat+profile&limit=1 200
2026-01-17 16:02:35,760 [INFO] response: https://en.wikipedia.org/w/api.php?action=opensearch&profile=fuzzy&limit=1&search=Email%20address%20associated%20with%20TenChat%20profile 200
2026-01-17 16:02:36,621 [INFO] response: https://search.yahoo.com/search;_ylt=nSASw_4ngeibhED8s6wan7zS;_ylu=3Te5vVthRzxc8ZA-OhDLueuCEOybo36dTbp7f8UEpMSpB4A?p=Email+address+associated+with+TenChat+profile 200
2026-01-17 16:02:37,383 [INFO] response: https://www.google.com/search?q=Email+address+associated+with+TenChat+profile&filter=1&start=0&hl=en-US&lr=lang_en&cr=countryUS 200
2026-01-17 16:05:19,973 [INFO] HTTP Request: POST http://127.0.0.1:11434/api/chat "HTTP/1.1 200 OK"
2026-01-17 16:05:30,800 [WARNING] KeyError('api') - backend is not exist or disabled. Available: brave, duckduckgo, google, grokipedia, mojeek, wikipedia, yahoo, yandex. Using 'auto'
2026-01-17 16:05:30,815 [INFO] Error in engine grokipedia: TypeError('quote_from_bytes() expected bytes')
2026-01-17 16:05:30,816 [INFO] Error in engine grokipedia: DDGSException('TypeError: TypeError("argument \'params\': \'dict\' object cannot be converted to \'PyString\'")')
2026-01-17 16:05:30,816 [INFO] Error in engine google: DDGSException('TypeError: TypeError("argument \'params\': \'dict\' object cannot be converted to \'PyString\'")')
2026-01-17 16:05:30,818 [INFO] Error in engine mojeek: DDGSException('TypeError: TypeError("argument \'params\': \'dict\' object cannot be converted to \'PyString\'")')
2026-01-17 16:05:30,820 [INFO] Error in engine brave: DDGSException('TypeError: TypeError("argument \'params\': \'dict\' object cannot be converted to \'PyString\'")')
2026-01-17 16:05:30,820 [INFO] Error in engine yahoo: DDGSException('TypeError: TypeError("argument \'params\': \'dict\' object cannot be converted to \'PyString\'")')
2026-01-17 16:05:30,826 [INFO] Error in engine yandex: DDGSException('TypeError: TypeError("argument \'params\': \'dict\' object cannot be converted to \'PyString\'")')
2026-01-17 16:05:32,559 [INFO] HTTP Request: POST https://html.duckduckgo.com/html/ "HTTP/2 200 OK"
2026-01-17 16:05:34,627 [WARNING] KeyError('html') - backend is not exist or disabled. Available: brave, duckduckgo, google, grokipedia, mojeek, wikipedia, yahoo, yandex. Using 'auto'
2026-01-17 16:05:34,644 [INFO] Error in engine grokipedia: TypeError('quote_from_bytes() expected bytes')
2026-01-17 16:05:34,644 [INFO] Error in engine grokipedia: DDGSException('TypeError: TypeError("argument \'params\': \'dict\' object cannot be converted to \'PyString\'")')
2026-01-17 16:05:34,644 [INFO] Error in engine mojeek: DDGSException('TypeError: TypeError("argument \'params\': \'dict\' object cannot be converted to \'PyString\'")')
2026-01-17 16:05:34,644 [INFO] Error in engine google: DDGSException('TypeError: TypeError("argument \'params\': \'dict\' object cannot be converted to \'PyString\'")')
2026-01-17 16:05:34,645 [INFO] Error in engine yahoo: DDGSException('TypeError: TypeError("argument \'params\': \'dict\' object cannot be converted to \'PyString\'")')
2026-01-17 16:05:34,645 [INFO] Error in engine brave: DDGSException('TypeError: TypeError("argument \'params\': \'dict\' object cannot be converted to \'PyString\'")')
2026-01-17 16:05:34,645 [INFO] Error in engine yandex: DDGSException('TypeError: TypeError("argument \'params\': \'dict\' object cannot be converted to \'PyString\'")')
2026-01-17 16:05:35,570 [INFO] HTTP Request: POST https://html.duckduckgo.com/html/ "HTTP/2 200 OK"
2026-01-17 16:05:36,585 [WARNING] KeyError('api') - backend is not exist or disabled. Available: brave, duckduckgo, google, grokipedia, mojeek, wikipedia, yahoo, yandex. Using 'auto'
2026-01-17 16:05:36,609 [INFO] Error in engine grokipedia: TypeError('quote_from_bytes() expected bytes')
2026-01-17 16:05:36,616 [INFO] Error in engine grokipedia: DDGSException('TypeError: TypeError("argument \'params\': \'dict\' object cannot be converted to \'PyString\'")')
2026-01-17 16:05:36,616 [INFO] Error in engine yandex: DDGSException('TypeError: TypeError("argument \'params\': \'dict\' object cannot be converted to \'PyString\'")')
2026-01-17 16:05:36,616 [INFO] Error in engine google: DDGSException('TypeError: TypeError("argument \'params\': \'dict\' object cannot be converted to \'PyString\'")')
2026-01-17 16:05:36,621 [INFO] Error in engine brave: DDGSException('TypeError: TypeError("argument \'params\': \'dict\' object cannot be converted to \'PyString\'")')
2026-01-17 16:05:36,622 [INFO] Error in engine mojeek: DDGSException('TypeError: TypeError("argument \'params\': \'dict\' object cannot be converted to \'PyString\'")')
2026-01-17 16:05:36,623 [INFO] Error in engine yahoo: DDGSException('TypeError: TypeError("argument \'params\': \'dict\' object cannot be converted to \'PyString\'")')
2026-01-17 16:05:36,920 [INFO] HTTP Request: POST https://html.duckduckgo.com/html/ "HTTP/2 202 Accepted"
2026-01-17 16:05:38,935 [WARNING] KeyError('html') - backend is not exist or disabled. Available: brave, duckduckgo, google, grokipedia, mojeek, wikipedia, yahoo, yandex. Using 'auto'
2026-01-17 16:05:38,953 [INFO] Error in engine grokipedia: TypeError('quote_from_bytes() expected bytes')
2026-01-17 16:05:38,953 [INFO] Error in engine grokipedia: DDGSException('TypeError: TypeError("argument \'params\': \'dict\' object cannot be converted to \'PyString\'")')
2026-01-17 16:05:38,955 [INFO] Error in engine brave: DDGSException('TypeError: TypeError("argument \'params\': \'dict\' object cannot be converted to \'PyString\'")')
2026-01-17 16:05:38,955 [INFO] Error in engine google: DDGSException('TypeError: TypeError("argument \'params\': \'dict\' object cannot be converted to \'PyString\'")')
2026-01-17 16:05:38,955 [INFO] Error in engine yahoo: DDGSException('TypeError: TypeError("argument \'params\': \'dict\' object cannot be converted to \'PyString\'")')
2026-01-17 16:05:39,207 [INFO] HTTP Request: POST https://html.duckduckgo.com/html/ "HTTP/2 202 Accepted"
2026-01-17 16:05:39,208 [INFO] Error in engine yandex: DDGSException('TypeError: TypeError("argument \'params\': \'dict\' object cannot be converted to \'PyString\'")')
2026-01-17 16:05:39,210 [INFO] Error in engine mojeek: DDGSException('TypeError: TypeError("argument \'params\': \'dict\' object cannot be converted to \'PyString\'")')
2026-01-17 16:05:41,045 [WARNING] KeyError('api') - backend is not exist or disabled. Available: brave, duckduckgo, google, grokipedia, mojeek, wikipedia, yahoo, yandex. Using 'auto'
2026-01-17 16:05:41,088 [INFO] Error in engine grokipedia: TypeError('quote_from_bytes() expected bytes')
2026-01-17 16:05:41,090 [INFO] Error in engine grokipedia: DDGSException('TypeError: TypeError("argument \'params\': \'dict\' object cannot be converted to \'PyString\'")')
2026-01-17 16:05:41,093 [INFO] Error in engine brave: DDGSException('TypeError: TypeError("argument \'params\': \'dict\' object cannot be converted to \'PyString\'")')
2026-01-17 16:05:41,414 [INFO] HTTP Request: POST https://html.duckduckgo.com/html/ "HTTP/2 202 Accepted"
2026-01-17 16:05:41,425 [INFO] Error in engine google: DDGSException('TypeError: TypeError("argument \'params\': \'dict\' object cannot be converted to \'PyString\'")')
2026-01-17 16:05:41,426 [INFO] Error in engine yahoo: DDGSException('TypeError: TypeError("argument \'params\': \'dict\' object cannot be converted to \'PyString\'")')
2026-01-17 16:05:41,426 [INFO] Error in engine yandex: DDGSException('TypeError: TypeError("argument \'params\': \'dict\' object cannot be converted to \'PyString\'")')
2026-01-17 16:05:41,427 [INFO] Error in engine mojeek: DDGSException('TypeError: TypeError("argument \'params\': \'dict\' object cannot be converted to \'PyString\'")')
2026-01-17 16:05:43,429 [WARNING] KeyError('html') - backend is not exist or disabled. Available: brave, duckduckgo, google, grokipedia, mojeek, wikipedia, yahoo, yandex. Using 'auto'
2026-01-17 16:05:43,457 [INFO] Error in engine grokipedia: TypeError('quote_from_bytes() expected bytes')
2026-01-17 16:05:43,460 [INFO] Error in engine grokipedia: DDGSException('TypeError: TypeError("argument \'params\': \'dict\' object cannot be converted to \'PyString\'")')
2026-01-17 16:05:43,461 [INFO] Error in engine mojeek: DDGSException('TypeError: TypeError("argument \'params\': \'dict\' object cannot be converted to \'PyString\'")')
2026-01-17 16:05:43,462 [INFO] Error in engine yahoo: DDGSException('TypeError: TypeError("argument \'params\': \'dict\' object cannot be converted to \'PyString\'")')
2026-01-17 16:05:43,462 [INFO] Error in engine brave: DDGSException('TypeError: TypeError("argument \'params\': \'dict\' object cannot be converted to \'PyString\'")')
2026-01-17 16:05:43,463 [INFO] Error in engine google: DDGSException('TypeError: TypeError("argument \'params\': \'dict\' object cannot be converted to \'PyString\'")')
2026-01-17 16:05:43,463 [INFO] Error in engine yandex: DDGSException('TypeError: TypeError("argument \'params\': \'dict\' object cannot be converted to \'PyString\'")')
2026-01-17 16:05:43,761 [INFO] HTTP Request: POST https://html.duckduckgo.com/html/ "HTTP/2 202 Accepted"
2026-01-17 16:05:45,391 [WARNING] KeyError('api') - backend is not exist or disabled. Available: brave, duckduckgo, google, grokipedia, mojeek, wikipedia, yahoo, yandex. Using 'auto'
2026-01-17 16:05:45,407 [INFO] Error in engine grokipedia: TypeError('quote_from_bytes() expected bytes')
2026-01-17 16:05:45,407 [INFO] Error in engine grokipedia: DDGSException('TypeError: TypeError("argument \'params\': \'dict\' object cannot be converted to \'PyString\'")')
2026-01-17 16:05:45,408 [INFO] Error in engine yahoo: DDGSException('TypeError: TypeError("argument \'params\': \'dict\' object cannot be converted to \'PyString\'")')
2026-01-17 16:05:45,664 [INFO] HTTP Request: POST https://html.duckduckgo.com/html/ "HTTP/2 202 Accepted"
2026-01-17 16:05:45,675 [INFO] Error in engine google: DDGSException('TypeError: TypeError("argument \'params\': \'dict\' object cannot be converted to \'PyString\'")')
2026-01-17 16:05:45,675 [INFO] Error in engine brave: DDGSException('TypeError: TypeError("argument \'params\': \'dict\' object cannot be converted to \'PyString\'")')
2026-01-17 16:05:45,676 [INFO] Error in engine yandex: DDGSException('TypeError: TypeError("argument \'params\': \'dict\' object cannot be converted to \'PyString\'")')
2026-01-17 16:05:45,676 [INFO] Error in engine mojeek: DDGSException('TypeError: TypeError("argument \'params\': \'dict\' object cannot be converted to \'PyString\'")')
2026-01-17 16:05:47,689 [WARNING] KeyError('html') - backend is not exist or disabled. Available: brave, duckduckgo, google, grokipedia, mojeek, wikipedia, yahoo, yandex. Using 'auto'
2026-01-17 16:05:47,703 [INFO] Error in engine grokipedia: TypeError('quote_from_bytes() expected bytes')
2026-01-17 16:05:47,703 [INFO] Error in engine grokipedia: DDGSException('TypeError: TypeError("argument \'params\': \'dict\' object cannot be converted to \'PyString\'")')
2026-01-17 16:05:47,703 [INFO] Error in engine google: DDGSException('TypeError: TypeError("argument \'params\': \'dict\' object cannot be converted to \'PyString\'")')
2026-01-17 16:05:47,703 [INFO] Error in engine yahoo: DDGSException('TypeError: TypeError("argument \'params\': \'dict\' object cannot be converted to \'PyString\'")')
2026-01-17 16:05:47,703 [INFO] Error in engine brave: DDGSException('TypeError: TypeError("argument \'params\': \'dict\' object cannot be converted to \'PyString\'")')
2026-01-17 16:05:47,712 [INFO] Error in engine yandex: DDGSException('TypeError: TypeError("argument \'params\': \'dict\' object cannot be converted to \'PyString\'")')
2026-01-17 16:05:47,713 [INFO] Error in engine mojeek: DDGSException('TypeError: TypeError("argument \'params\': \'dict\' object cannot be converted to \'PyString\'")')
2026-01-17 16:05:48,034 [INFO] HTTP Request: POST https://html.duckduckgo.com/html/ "HTTP/2 202 Accepted"
2026-01-17 16:05:49,678 [WARNING] KeyError('api') - backend is not exist or disabled. Available: brave, duckduckgo, google, grokipedia, mojeek, wikipedia, yahoo, yandex. Using 'auto'
2026-01-17 16:05:49,703 [INFO] Error in engine grokipedia: TypeError('quote_from_bytes() expected bytes')
2026-01-17 16:05:49,703 [INFO] Error in engine grokipedia: DDGSException('TypeError: TypeError("argument \'params\': \'dict\' object cannot be converted to \'PyString\'")')
2026-01-17 16:05:49,703 [INFO] Error in engine mojeek: DDGSException('TypeError: TypeError("argument \'params\': \'dict\' object cannot be converted to \'PyString\'")')
2026-01-17 16:05:49,963 [INFO] HTTP Request: POST https://html.duckduckgo.com/html/ "HTTP/2 202 Accepted"
2026-01-17 16:05:49,972 [INFO] Error in engine brave: DDGSException('TypeError: TypeError("argument \'params\': \'dict\' object cannot be converted to \'PyString\'")')
2026-01-17 16:05:49,972 [INFO] Error in engine yahoo: DDGSException('TypeError: TypeError("argument \'params\': \'dict\' object cannot be converted to \'PyString\'")')
2026-01-17 16:05:49,972 [INFO] Error in engine yandex: DDGSException('TypeError: TypeError("argument \'params\': \'dict\' object cannot be converted to \'PyString\'")')
2026-01-17 16:05:49,983 [INFO] Error in engine google: DDGSException('TypeError: TypeError("argument \'params\': \'dict\' object cannot be converted to \'PyString\'")')
2026-01-17 16:05:51,995 [WARNING] KeyError('html') - backend is not exist or disabled. Available: brave, duckduckgo, google, grokipedia, mojeek, wikipedia, yahoo, yandex. Using 'auto'
2026-01-17 16:05:52,033 [INFO] Error in engine grokipedia: TypeError('quote_from_bytes() expected bytes')
2026-01-17 16:05:52,037 [INFO] Error in engine grokipedia: DDGSException('TypeError: TypeError("argument \'params\': \'dict\' object cannot be converted to \'PyString\'")')
2026-01-17 16:05:52,037 [INFO] Error in engine google: DDGSException('TypeError: TypeError("argument \'params\': \'dict\' object cannot be converted to \'PyString\'")')
2026-01-17 16:05:52,343 [INFO] HTTP Request: POST https://html.duckduckgo.com/html/ "HTTP/2 202 Accepted"
2026-01-17 16:05:52,390 [INFO] Error in engine yandex: DDGSException('TypeError: TypeError("argument \'params\': \'dict\' object cannot be converted to \'PyString\'")')
2026-01-17 16:05:52,391 [INFO] Error in engine brave: DDGSException('TypeError: TypeError("argument \'params\': \'dict\' object cannot be converted to \'PyString\'")')
2026-01-17 16:05:52,391 [INFO] Error in engine mojeek: DDGSException('TypeError: TypeError("argument \'params\': \'dict\' object cannot be converted to \'PyString\'")')
2026-01-17 16:05:52,391 [INFO] Error in engine yahoo: DDGSException('TypeError: TypeError("argument \'params\': \'dict\' object cannot be converted to \'PyString\'")')
2026-01-17 16:05:52,965 [INFO] HTTP Request: POST http://127.0.0.1:11434/api/chat "HTTP/1.1 200 OK"
2026-01-17 16:06:02,846 [INFO] HTTP Request: POST http://127.0.0.1:11434/api/chat "HTTP/1.1 200 OK"
2026-01-17 16:06:27,420 [INFO] Response Status: 200
2026-01-17 16:34:34,419 [INFO] Incoming Request: POST /analyze
2026-01-17 16:34:35,972 [WARNING] KeyError('api') - backend is not exist or disabled. Available: brave, duckduckgo, google, grokipedia, mojeek, wikipedia, yahoo, yandex. Using 'auto'
2026-01-17 16:34:36,779 [INFO] response: https://en.wikipedia.org/w/api.php?action=opensearch&profile=fuzzy&limit=1&search=%22%D0%9F%D0%B0%D0%B2%D0%B5%D0%BB%20%D0%A1%D1%82%D0%BE%D0%BB%D0%B1%D0%BE%D0%B2%D1%81%D0%BA%D0%B8%D0%B9%22%20%22%D0%91%D0%B0%D1%80%D0%BD%D0%B0%D1%83%D0%BB%22 200
2026-01-17 16:34:36,922 [INFO] response: https://grokipedia.com/api/typeahead?query=%22%D0%9F%D0%B0%D0%B2%D0%B5%D0%BB+%D0%A1%D1%82%D0%BE%D0%BB%D0%B1%D0%BE%D0%B2%D1%81%D0%BA%D0%B8%D0%B9%22+%22%D0%91%D0%B0%D1%80%D0%BD%D0%B0%D1%83%D0%BB%22&limit=1 200
2026-01-17 16:34:37,240 [INFO] response: https://www.google.com/search?q=%22%D0%9F%D0%B0%D0%B2%D0%B5%D0%BB+%D0%A1%D1%82%D0%BE%D0%BB%D0%B1%D0%BE%D0%B2%D1%81%D0%BA%D0%B8%D0%B9%22+%22%D0%91%D0%B0%D1%80%D0%BD%D0%B0%D1%83%D0%BB%22&filter=1&start=0&hl=en-US&lr=lang_en&cr=countryUS 200
2026-01-17 16:34:39,422 [INFO] response: https://yandex.com/search/site/?text=%22%D0%9F%D0%B0%D0%B2%D0%B5%D0%BB+%D0%A1%D1%82%D0%BE%D0%BB%D0%B1%D0%BE%D0%B2%D1%81%D0%BA%D0%B8%D0%B9%22+%22%D0%91%D0%B0%D1%80%D0%BD%D0%B0%D1%83%D0%BB%22&web=1&searchid=7589240 200
2026-01-17 16:37:42,699 [INFO] HTTP Request: POST http://127.0.0.1:11434/api/chat "HTTP/1.1 200 OK"
2026-01-17 16:37:47,070 [WARNING] KeyError('api') - backend is not exist or disabled. Available: brave, duckduckgo, google, grokipedia, mojeek, wikipedia, yahoo, yandex. Using 'auto'
2026-01-17 16:37:48,233 [INFO] response: https://en.wikipedia.org/w/api.php?action=opensearch&profile=fuzzy&limit=1&search=Pavel%20Stolbovsky%20email 200
2026-01-17 16:37:48,481 [INFO] response: https://grokipedia.com/api/typeahead?query=Pavel+Stolbovsky+email&limit=1 200
2026-01-17 16:37:49,572 [INFO] response: https://search.brave.com/search?q=Pavel+Stolbovsky+email&source=web 200
2026-01-17 16:39:34,749 [WARNING] KeyError('api') - backend is not exist or disabled. Available: brave, duckduckgo, google, grokipedia, mojeek, wikipedia, yahoo, yandex. Using 'auto'
2026-01-17 16:39:35,507 [INFO] response: https://en.wikipedia.org/w/api.php?action=opensearch&profile=fuzzy&limit=1&search=10869123%20VK%20ID 200
2026-01-17 16:39:36,193 [INFO] response: https://grokipedia.com/api/typeahead?query=10869123+VK+ID&limit=1 200
2026-01-17 16:39:36,505 [INFO] HTTP Request: POST https://html.duckduckgo.com/html/ "HTTP/2 202 Accepted"
2026-01-17 16:39:36,794 [INFO] response: https://www.google.com/search?q=10869123+VK+ID&filter=1&start=0&hl=en-US&lr=lang_en&cr=countryUS 200
2026-01-17 16:39:39,640 [INFO] response: https://yandex.com/search/site/?text=10869123+VK+ID&web=1&searchid=9156559 200
2026-01-17 16:42:11,864 [WARNING] KeyError('api') - backend is not exist or disabled. Available: brave, duckduckgo, google, grokipedia, mojeek, wikipedia, yahoo, yandex. Using 'auto'
2026-01-17 16:42:13,084 [INFO] response: https://en.wikipedia.org/w/api.php?action=opensearch&profile=fuzzy&limit=1&search=solomoon83%20Skype%20username 200
2026-01-17 16:42:14,004 [INFO] response: https://grokipedia.com/api/typeahead?query=solomoon83+Skype+username&limit=1 200
2026-01-17 16:42:15,910 [INFO] response: https://yandex.com/search/site/?text=solomoon83+Skype+username&web=1&searchid=9584445 200
2026-01-17 16:45:17,016 [WARNING] KeyError('api') - backend is not exist or disabled. Available: brave, duckduckgo, google, grokipedia, mojeek, wikipedia, yahoo, yandex. Using 'auto'
2026-01-17 16:45:18,003 [INFO] response: https://en.wikipedia.org/w/api.php?action=opensearch&profile=fuzzy&limit=1&search=Psychological%20consulting%20job 200
2026-01-17 16:45:18,455 [INFO] response: https://grokipedia.com/api/typeahead?query=Psychological+consulting+job&limit=1 200
2026-01-17 16:45:19,382 [INFO] response: https://search.yahoo.com/search;_ylt=Df5vodSUpxKTYdQVs8DwnB_T;_ylu=Sk9dvVVMsHTKtO3a13Wmg9txygDYSvdqA_SPkIqqHbDFglQ?p=Psychological+consulting+job 200
2026-01-17 16:45:20,343 [INFO] response: https://www.google.com/search?q=Psychological+consulting+job&filter=1&start=0&hl=en-US&lr=lang_en&cr=countryUS 200
2026-01-17 16:47:10,485 [WARNING] KeyError('api') - backend is not exist or disabled. Available: brave, duckduckgo, google, grokipedia, mojeek, wikipedia, yahoo, yandex. Using 'auto'
2026-01-17 16:47:11,273 [INFO] response: https://en.wikipedia.org/w/api.php?action=opensearch&profile=fuzzy&limit=1&search=Barcelona%2C%20Russia%20location 200
2026-01-17 16:47:12,278 [INFO] response: https://grokipedia.com/api/typeahead?query=Barcelona%2C+Russia+location&limit=1 200
2026-01-17 16:47:12,605 [INFO] HTTP Request: POST https://html.duckduckgo.com/html/ "HTTP/2 202 Accepted"
2026-01-17 16:47:13,834 [INFO] response: https://search.brave.com/search?q=Barcelona%2C+Russia+location&source=web 200
2026-01-17 16:49:12,529 [INFO] HTTP Request: POST http://127.0.0.1:11434/api/chat "HTTP/1.1 200 OK"
2026-01-17 16:49:23,519 [WARNING] KeyError('api') - backend is not exist or disabled. Available: brave, duckduckgo, google, grokipedia, mojeek, wikipedia, yahoo, yandex. Using 'auto'
2026-01-17 16:49:24,634 [INFO] response: https://en.wikipedia.org/w/api.php?action=opensearch&profile=fuzzy&limit=1&search=email%20address%20Pavel%20Stolbovsky 200
2026-01-17 16:49:27,015 [INFO] response: https://grokipedia.com/api/typeahead?query=email+address+Pavel+Stolbovsky&limit=1 200
2026-01-17 16:49:28,877 [INFO] response: https://yandex.com/search/site/?text=email+address+Pavel+Stolbovsky&web=1&searchid=2027483 200
2026-01-17 16:52:00,606 [WARNING] KeyError('api') - backend is not exist or disabled. Available: brave, duckduckgo, google, grokipedia, mojeek, wikipedia, yahoo, yandex. Using 'auto'
2026-01-17 16:52:01,386 [INFO] response: https://en.wikipedia.org/w/api.php?action=opensearch&profile=fuzzy&limit=1&search=phone%20number%2010869123 200
2026-01-17 16:52:02,083 [INFO] response: https://grokipedia.com/api/typeahead?query=phone+number+10869123&limit=1 200
2026-01-17 16:52:03,217 [INFO] HTTP Request: POST https://html.duckduckgo.com/html/ "HTTP/2 202 Accepted"
2026-01-17 16:52:05,594 [INFO] response: https://www.mojeek.com/search?q=phone+number+10869123 200
2026-01-17 16:52:07,399 [INFO] response: https://search.brave.com/search?q=phone+number+10869123&source=web 200
2026-01-17 16:54:18,427 [WARNING] KeyError('api') - backend is not exist or disabled. Available: brave, duckduckgo, google, grokipedia, mojeek, wikipedia, yahoo, yandex. Using 'auto'
2026-01-17 16:54:20,632 [INFO] response: https://en.wikipedia.org/w/api.php?action=opensearch&profile=fuzzy&limit=1&search=Skype%20solomoon83 200
2026-01-17 16:54:20,923 [INFO] response: https://grokipedia.com/api/typeahead?query=Skype+solomoon83&limit=1 200
2026-01-17 16:54:22,004 [INFO] response: https://search.brave.com/search?q=Skype+solomoon83&source=web 200
2026-01-17 16:56:17,048 [WARNING] KeyError('api') - backend is not exist or disabled. Available: brave, duckduckgo, google, grokipedia, mojeek, wikipedia, yahoo, yandex. Using 'auto'
2026-01-17 16:56:18,060 [INFO] response: https://en.wikipedia.org/w/api.php?action=opensearch&profile=fuzzy&limit=1&search=Vkontakte%20ID%2010869123 200
2026-01-17 16:56:18,354 [INFO] response: https://grokipedia.com/api/typeahead?query=Vkontakte+ID+10869123&limit=1 200
2026-01-17 16:56:19,190 [INFO] response: https://search.yahoo.com/search;_ylt=cRTTM2s9qTBZ6KXzffV6H6js;_ylu=gjNPcermd7jfwX6kbEdfgpe6J5FlaUvkgb-b6yEi1E70NiU?p=Vkontakte+ID+10869123 200
2026-01-17 16:56:21,736 [INFO] response: https://www.mojeek.com/search?q=Vkontakte+ID+10869123 200
2026-01-17 16:56:22,031 [INFO] response: https://www.google.com/search?q=Vkontakte+ID+10869123&filter=1&start=0&hl=en-US&lr=lang_en&cr=countryUS 200
2026-01-17 16:56:24,008 [INFO] response: https://yandex.com/search/site/?text=Vkontakte+ID+10869123&web=1&searchid=3378522 200
2026-01-17 16:59:39,423 [WARNING] KeyError('api') - backend is not exist or disabled. Available: brave, duckduckgo, google, grokipedia, mojeek, wikipedia, yahoo, yandex. Using 'auto'
2026-01-17 16:59:40,982 [INFO] response: https://grokipedia.com/api/typeahead?query=Pavel+Stolbovsky+LinkedIn+profile&limit=1 200
2026-01-17 16:59:41,367 [INFO] response: https://en.wikipedia.org/w/api.php?action=opensearch&profile=fuzzy&limit=1&search=Pavel%20Stolbovsky%20LinkedIn%20profile 200
2026-01-17 16:59:42,428 [INFO] response: https://search.brave.com/search?q=Pavel+Stolbovsky+LinkedIn+profile&source=web 200
2026-01-17 17:01:16,376 [INFO] HTTP Request: POST http://127.0.0.1:11434/api/chat "HTTP/1.1 200 OK"
2026-01-17 17:01:28,795 [INFO] HTTP Request: POST http://127.0.0.1:11434/api/chat "HTTP/1.1 200 OK"
2026-01-17 17:02:04,347 [INFO] Response Status: 200
2026-01-17 17:05:59,201 [INFO] Incoming Request: GET /keys
2026-01-17 17:05:59,204 [INFO] Response Status: 404
2026-01-17 17:05:59,211 [INFO] Incoming Request: GET /keys
2026-01-17 17:05:59,214 [INFO] Response Status: 404
2026-01-17 17:34:32,005 [INFO] Incoming Request: GET /keys
2026-01-17 17:34:32,006 [INFO] Response Status: 404
2026-01-17 17:34:32,015 [INFO] Incoming Request: GET /keys
2026-01-17 17:34:32,016 [INFO] Response Status: 404
2026-01-17 17:34:37,473 [INFO] Incoming Request: POST /analyze
2026-01-17 17:34:39,981 [INFO] response: https://grokipedia.com/api/typeahead?query=%22%D0%9F%D0%B0%D0%B2%D0%B5%D0%BB+%D0%A1%D1%82%D0%BE%D0%BB%D0%B1%D0%BE%D0%B2%D1%81%D0%BA%D0%B8%D0%B9%22+%22%D0%91%D0%B0%D1%80%D0%BD%D0%B0%D1%83%D0%BB%22&limit=1 200
2026-01-17 17:34:41,041 [INFO] response: https://en.wikipedia.org/w/api.php?action=opensearch&profile=fuzzy&limit=1&search=%22%D0%9F%D0%B0%D0%B2%D0%B5%D0%BB%20%D0%A1%D1%82%D0%BE%D0%BB%D0%B1%D0%BE%D0%B2%D1%81%D0%BA%D0%B8%D0%B9%22%20%22%D0%91%D0%B0%D1%80%D0%BD%D0%B0%D1%83%D0%BB%22 200
2026-01-17 17:34:41,919 [INFO] HTTP Request: POST https://html.duckduckgo.com/html/ "HTTP/2 200 OK"
2026-01-17 17:34:43,022 [INFO] response: https://www.mojeek.com/search?q=%22%D0%9F%D0%B0%D0%B2%D0%B5%D0%BB+%D0%A1%D1%82%D0%BE%D0%BB%D0%B1%D0%BE%D0%B2%D1%81%D0%BA%D0%B8%D0%B9%22+%22%D0%91%D0%B0%D1%80%D0%BD%D0%B0%D1%83%D0%BB%22 403
2026-01-17 17:34:44,027 [INFO] response: https://search.brave.com/search?q=%22%D0%9F%D0%B0%D0%B2%D0%B5%D0%BB+%D0%A1%D1%82%D0%BE%D0%BB%D0%B1%D0%BE%D0%B2%D1%81%D0%BA%D0%B8%D0%B9%22+%22%D0%91%D0%B0%D1%80%D0%BD%D0%B0%D1%83%D0%BB%22&source=web 200
2026-01-17 17:38:20,749 [INFO] HTTP Request: POST http://127.0.0.1:11434/api/chat "HTTP/1.1 200 OK"
2026-01-17 17:38:31,739 [INFO] response: https://en.wikipedia.org/w/api.php?action=opensearch&profile=fuzzy&limit=1&search=Pavel%20Stolbowitsky%20phone%20number 200
2026-01-17 17:38:33,605 [INFO] response: https://grokipedia.com/api/typeahead?query=Pavel+Stolbowitsky+phone+number&limit=1 200
2026-01-17 17:38:33,905 [INFO] response: https://www.google.com/search?q=Pavel+Stolbowitsky+phone+number&filter=1&start=0&hl=en-US&lr=lang_en&cr=countryUS 200
2026-01-17 17:38:34,559 [INFO] response: https://search.brave.com/search?q=Pavel+Stolbowitsky+phone+number&source=web 429
2026-01-17 17:38:36,725 [INFO] response: https://www.mojeek.com/search?q=Pavel+Stolbowitsky+phone+number 200
2026-01-17 17:38:37,780 [INFO] response: https://search.yahoo.com/search;_ylt=AWsr8LvR9QaubxyeTK2QUWR1;_ylu=a3eUnDQaPFUjaAmwKtpQ2CWoxhoVXpQye1TNcaU5hkMxnf0?p=Pavel+Stolbowitsky+phone+number 200
2026-01-17 17:38:39,944 [INFO] response: https://yandex.com/search/site/?text=Pavel+Stolbowitsky+phone+number&web=1&searchid=5219376 200
2026-01-17 17:41:21,096 [INFO] response: https://en.wikipedia.org/w/api.php?action=opensearch&profile=fuzzy&limit=1&search=Pavel%20Stolbowitsky%20email 200
2026-01-17 17:41:21,532 [INFO] response: https://grokipedia.com/api/typeahead?query=Pavel+Stolbowitsky+email&limit=1 200
2026-01-17 17:41:22,139 [INFO] response: https://search.brave.com/search?q=Pavel+Stolbowitsky+email&source=web 429
2026-01-17 17:41:22,548 [INFO] response: https://www.google.com/search?q=Pavel+Stolbowitsky+email&filter=1&start=0&hl=en-US&lr=lang_en&cr=countryUS 200
2026-01-17 17:41:23,839 [INFO] HTTP Request: POST https://html.duckduckgo.com/html/ "HTTP/2 200 OK"
2026-01-17 17:44:03,407 [INFO] response: https://grokipedia.com/api/typeahead?query=Pavel+Stolbowitsky+Facebook&limit=1 200
2026-01-17 17:44:03,834 [INFO] response: https://en.wikipedia.org/w/api.php?action=opensearch&profile=fuzzy&limit=1&search=Pavel%20Stolbowitsky%20Facebook 200
2026-01-17 17:44:05,945 [INFO] response: https://www.mojeek.com/search?q=Pavel+Stolbowitsky+Facebook 200
2026-01-17 17:44:06,326 [INFO] response: https://www.google.com/search?q=Pavel+Stolbowitsky+Facebook&filter=1&start=0&hl=en-US&lr=lang_en&cr=countryUS 200
2026-01-17 17:44:07,323 [INFO] response: https://search.yahoo.com/search;_ylt=v7oRqye61nYybA0dJjPTwrg6;_ylu=mwfQsBdiQYKbpX3ON19OOK0wpfavKz-92cDm8OZPh0iOciw?p=Pavel+Stolbowitsky+Facebook 200
2026-01-17 17:44:09,841 [INFO] response: https://yandex.com/search/site/?text=Pavel+Stolbowitsky+Facebook&web=1&searchid=9166259 200
2026-01-17 17:47:16,312 [INFO] response: https://en.wikipedia.org/w/api.php?action=opensearch&profile=fuzzy&limit=1&search=Pavel%20Stolbowitsky%20VK%20handle 200
2026-01-17 17:47:17,045 [INFO] response: https://grokipedia.com/api/typeahead?query=Pavel+Stolbowitsky+VK+handle&limit=1 200
2026-01-17 17:47:20,016 [INFO] response: https://yandex.com/search/site/?text=Pavel+Stolbowitsky+VK+handle&web=1&searchid=1287776 200
2026-01-17 17:50:56,910 [INFO] response: https://en.wikipedia.org/w/api.php?action=opensearch&profile=fuzzy&limit=1&search=Pavel%20Stolbowitsky%20Skype 200
2026-01-17 17:50:57,109 [INFO] response: https://grokipedia.com/api/typeahead?query=Pavel+Stolbowitsky+Skype&limit=1 200
2026-01-17 17:50:57,448 [INFO] response: https://www.google.com/search?q=Pavel+Stolbowitsky+Skype&filter=1&start=0&hl=en-US&lr=lang_en&cr=countryUS 200
2026-01-17 17:50:59,895 [INFO] response: https://www.mojeek.com/search?q=Pavel+Stolbowitsky+Skype 200
2026-01-17 17:51:00,744 [INFO] response: https://search.yahoo.com/search;_ylt=rXxo9_w6cR-O2H20mLxDAoIz;_ylu=NUKczEmftpCBr1S9RCnIbKr69jbmdbBgyj8EnuPwNy_4rfw?p=Pavel+Stolbowitsky+Skype 200
2026-01-17 17:51:03,304 [INFO] response: https://yandex.com/search/site/?text=Pavel+Stolbowitsky+Skype&web=1&searchid=7152227 200
2026-01-17 17:54:42,781 [INFO] HTTP Request: POST http://127.0.0.1:11434/api/chat "HTTP/1.1 200 OK"
2026-01-17 17:54:57,202 [INFO] response: https://en.wikipedia.org/w/api.php?action=opensearch&profile=fuzzy&limit=1&search=Pavel%20Stolbovskiy%20phone%20number 200
2026-01-17 17:54:57,378 [INFO] response: https://grokipedia.com/api/typeahead?query=Pavel+Stolbovskiy+phone+number&limit=1 200
2026-01-17 17:54:57,794 [INFO] response: https://www.google.com/search?q=Pavel+Stolbovskiy+phone+number&filter=1&start=0&hl=en-US&lr=lang_en&cr=countryUS 200
2026-01-17 17:57:40,773 [INFO] response: https://grokipedia.com/api/typeahead?query=Pavel+Stolbovskiy+email+address&limit=1 200
2026-01-17 17:57:40,940 [INFO] response: https://en.wikipedia.org/w/api.php?action=opensearch&profile=fuzzy&limit=1&search=Pavel%20Stolbovskiy%20email%20address 200
2026-01-17 17:57:44,102 [INFO] response: https://www.mojeek.com/search?q=Pavel+Stolbovskiy+email+address 200
2026-01-17 17:57:45,377 [INFO] response: https://search.yahoo.com/search;_ylt=0iIxaY2ZFSsfwaqcbHYESQ-a;_ylu=yfK92ovD_FIDFiiA1PdDPOQEyYDUfjY0uTX154fSL8e9zZM?p=Pavel+Stolbovskiy+email+address 200
2026-01-17 17:57:47,237 [INFO] response: https://yandex.com/search/site/?text=Pavel+Stolbovskiy+email+address&web=1&searchid=4271999 200
2026-01-17 18:00:53,079 [INFO] response: https://en.wikipedia.org/w/api.php?action=opensearch&profile=fuzzy&limit=1&search=Pavel%20Stolbovskiy%20VK%20username 200
2026-01-17 18:00:53,285 [INFO] response: https://grokipedia.com/api/typeahead?query=Pavel+Stolbovskiy+VK+username&limit=1 200
2026-01-17 18:00:54,549 [INFO] response: https://www.google.com/search?q=Pavel+Stolbovskiy+VK+username&filter=1&start=0&hl=en-US&lr=lang_en&cr=countryUS 200
2026-01-17 18:03:16,667 [INFO] response: https://en.wikipedia.org/w/api.php?action=opensearch&profile=fuzzy&limit=1&search=Pavel%20Stolbovskiy%20Skype%20ID 200
2026-01-17 18:03:17,081 [INFO] response: https://grokipedia.com/api/typeahead?query=Pavel+Stolbovskiy+Skype+ID&limit=1 200
2026-01-17 18:03:19,332 [INFO] response: https://www.mojeek.com/search?q=Pavel+Stolbovskiy+Skype+ID 200
2026-01-17 18:03:20,609 [INFO] HTTP Request: POST https://html.duckduckgo.com/html/ "HTTP/2 200 OK"
2026-01-17 18:04:54,557 [INFO] HTTP Request: POST http://127.0.0.1:11434/api/chat "HTTP/1.1 200 OK"
2026-01-17 18:05:06,531 [INFO] HTTP Request: POST http://127.0.0.1:11434/api/chat "HTTP/1.1 200 OK"
2026-01-17 18:05:31,073 [INFO] HTTP Request: POST http://127.0.0.1:11434/api/chat "HTTP/1.1 200 OK"
2026-01-17 18:05:52,137 [INFO] Response Status: 200
2026-01-17 20:12:30,674 [INFO] Incoming Request: GET /keys
2026-01-17 20:12:30,675 [INFO] Response Status: 404
2026-01-17 20:12:30,683 [INFO] Incoming Request: GET /keys
2026-01-17 20:12:30,685 [INFO] Response Status: 404
2026-01-17 20:12:56,509 [INFO] Incoming Request: POST /analyze
2026-01-17 20:12:58,542 [INFO] response: https://grokipedia.com/api/typeahead?query=%22%D0%90%D0%BD%D0%BD%D0%B0+%D0%A7%D0%B5%D0%BC%D0%B5%D1%80%D0%B8%D1%81%22&limit=1 200
2026-01-17 20:13:02,137 [INFO] Error in engine yahoo: TimeoutException("Request timed out: RuntimeError('error sending request for url (https://en.wikipedia.org/w/api.php?action=opensearch&profile=fuzzy&limit=1&search=%22%D0%90%D0%BD%D0%BD%D0%B0%20%D0%A7%D0%B5%D0%BC%D0%B5%D1%80%D0%B8%D1%81%22): operation timed out\\n\\nCaused by:\\n    operation timed out')")
2026-01-17 20:13:02,987 [INFO] HTTP Request: POST https://html.duckduckgo.com/html/ "HTTP/2 200 OK"
2026-01-17 20:13:03,249 [INFO] response: https://search.yahoo.com/search;_ylt=mCd_cvAh6In2huh1pNVGPiVB;_ylu=Q2K7zb4j2aemESN8a011BTxoaOJXa4tChLnUFL9cw3452iM?p=%22%D0%90%D0%BD%D0%BD%D0%B0+%D0%A7%D0%B5%D0%BC%D0%B5%D1%80%D0%B8%D1%81%22 200
2026-01-17 20:16:10,347 [INFO] response: https://en.wikipedia.org/w/api.php?action=opensearch&profile=fuzzy&limit=1&search=%22amritagopi%22%20profile 200
2026-01-17 20:16:12,840 [INFO] response: https://grokipedia.com/api/typeahead?query=%22amritagopi%22+profile&limit=1 200
2026-01-17 20:16:13,890 [INFO] response: https://search.brave.com/search?q=%22amritagopi%22+profile&source=web 200
2026-01-17 20:19:11,838 [INFO] response: https://en.wikipedia.org/w/api.php?action=opensearch&profile=fuzzy&limit=1&search=%22amritagopi%22%20%22%D0%90%D0%BD%D0%BD%D0%B0%20%D0%A7%D0%B5%D0%BC%D0%B5%D1%80%D0%B8%D1%81%22 200
2026-01-17 20:19:12,230 [INFO] response: https://grokipedia.com/api/typeahead?query=%22amritagopi%22+%22%D0%90%D0%BD%D0%BD%D0%B0+%D0%A7%D0%B5%D0%BC%D0%B5%D1%80%D0%B8%D1%81%22&limit=1 200
2026-01-17 20:19:13,107 [INFO] HTTP Request: POST https://html.duckduckgo.com/html/ "HTTP/2 200 OK"
2026-01-17 20:19:13,698 [INFO] response: https://search.brave.com/search?q=%22amritagopi%22+%22%D0%90%D0%BD%D0%BD%D0%B0+%D0%A7%D0%B5%D0%BC%D0%B5%D1%80%D0%B8%D1%81%22&source=web 429
2026-01-17 20:19:14,042 [INFO] response: https://www.google.com/search?q=%22amritagopi%22+%22%D0%90%D0%BD%D0%BD%D0%B0+%D0%A7%D0%B5%D0%BC%D0%B5%D1%80%D0%B8%D1%81%22&filter=1&start=0&hl=en-US&lr=lang_en&cr=countryUS 200
2026-01-17 20:19:15,693 [INFO] response: https://www.mojeek.com/search?q=%22amritagopi%22+%22%D0%90%D0%BD%D0%BD%D0%B0+%D0%A7%D0%B5%D0%BC%D0%B5%D1%80%D0%B8%D1%81%22 200
2026-01-17 20:19:32,903 [INFO] HTTP Request: POST http://127.0.0.1:11434/api/chat "HTTP/1.1 200 OK"
2026-01-17 20:19:46,596 [INFO] response: https://en.wikipedia.org/w/api.php?action=opensearch&profile=fuzzy&limit=1&search=%22Anna%20Chemeris%22%20director%20R%26D%20Moscow 200
2026-01-17 20:19:46,888 [INFO] response: https://grokipedia.com/api/typeahead?query=%22Anna+Chemeris%22+director+R%26D+Moscow&limit=1 200
2026-01-17 20:19:47,680 [INFO] response: https://search.yahoo.com/search;_ylt=fr0c8bnMbhFc3b0g2iFrg1cp;_ylu=hRQN4reOp_DkExOaGzpueN6Fj4g7I25t9TGMDx6kwOrauEU?p=%22Anna+Chemeris%22+director+R%26D+Moscow 200
2026-01-17 20:19:49,502 [INFO] response: https://yandex.com/search/site/?text=%22Anna+Chemeris%22+director+R%26D+Moscow&web=1&searchid=5258814 200
2026-01-17 20:22:30,165 [INFO] response: https://en.wikipedia.org/w/api.php?action=opensearch&profile=fuzzy&limit=1&search=%22Anna%20Chemeris%22%20psychologist%20St%20Petersburg 200
2026-01-17 20:22:30,398 [INFO] response: https://grokipedia.com/api/typeahead?query=%22Anna+Chemeris%22+psychologist+St+Petersburg&limit=1 200
2026-01-17 20:22:30,713 [INFO] response: https://www.google.com/search?q=%22Anna+Chemeris%22+psychologist+St+Petersburg&filter=1&start=0&hl=en-US&lr=lang_en&cr=countryUS 200
2026-01-17 20:24:40,710 [INFO] response: https://grokipedia.com/api/typeahead?query=%22Anna+Chemeris%22+San+Francisco&limit=1 200
2026-01-17 20:24:44,685 [INFO] Error in engine grokipedia: TimeoutException("Request timed out: RuntimeError('error sending request for url (https://en.wikipedia.org/w/api.php?action=opensearch&profile=fuzzy&limit=1&search=%22Anna%20Chemeris%22%20San%20Francisco): operation timed out\\n\\nCaused by:\\n    operation timed out')")
2026-01-17 20:24:46,869 [INFO] response: https://yandex.com/search/site/?text=%22Anna+Chemeris%22+San+Francisco&web=1&searchid=7724039 200
2026-01-17 20:26:21,684 [INFO] HTTP Request: POST http://127.0.0.1:11434/api/chat "HTTP/1.1 200 OK"
2026-01-17 20:26:31,365 [INFO] response: https://en.wikipedia.org/w/api.php?action=opensearch&profile=fuzzy&limit=1&search=%22Anna%20Chemeris%22%20email 200
2026-01-17 20:26:32,781 [INFO] response: https://grokipedia.com/api/typeahead?query=%22Anna+Chemeris%22+email&limit=1 200
2026-01-17 20:26:34,378 [INFO] response: https://www.mojeek.com/search?q=%22Anna+Chemeris%22+email 200
2026-01-17 20:29:04,972 [INFO] response: https://grokipedia.com/api/typeahead?query=Anna+Chemeris+phone+number&limit=1 200
2026-01-17 20:29:05,145 [INFO] response: https://en.wikipedia.org/w/api.php?action=opensearch&profile=fuzzy&limit=1&search=Anna%20Chemeris%20phone%20number 200
2026-01-17 20:29:06,334 [INFO] HTTP Request: POST https://html.duckduckgo.com/html/ "HTTP/2 200 OK"
2026-01-17 20:31:29,790 [INFO] response: https://en.wikipedia.org/w/api.php?action=opensearch&profile=fuzzy&limit=1&search=Anna%20Chemeris%20VK 200
2026-01-17 20:31:29,846 [INFO] response: https://grokipedia.com/api/typeahead?query=Anna+Chemeris+VK&limit=1 200
2026-01-17 20:31:30,196 [INFO] response: https://www.google.com/search?q=Anna+Chemeris+VK&filter=1&start=0&hl=en-US&lr=lang_en&cr=countryUS 200
2026-01-17 20:33:51,181 [INFO] response: https://en.wikipedia.org/w/api.php?action=opensearch&profile=fuzzy&limit=1&search=Anna%20Chemeris%20Instagram 200
2026-01-17 20:33:51,627 [INFO] response: https://grokipedia.com/api/typeahead?query=Anna+Chemeris+Instagram&limit=1 200
2026-01-17 20:33:53,908 [INFO] response: https://www.mojeek.com/search?q=Anna+Chemeris+Instagram 200
2026-01-17 20:35:53,384 [INFO] response: https://en.wikipedia.org/w/api.php?action=opensearch&profile=fuzzy&limit=1&search=Anna%20Chemeris%20Facebook 200
2026-01-17 20:35:53,672 [INFO] response: https://grokipedia.com/api/typeahead?query=Anna+Chemeris+Facebook&limit=1 200
2026-01-17 20:35:54,170 [INFO] response: https://search.brave.com/search?q=Anna+Chemeris+Facebook&source=web 429
2026-01-17 20:35:55,141 [INFO] HTTP Request: POST https://html.duckduckgo.com/html/ "HTTP/2 200 OK"
2026-01-17 20:37:37,895 [INFO] HTTP Request: POST http://127.0.0.1:11434/api/chat "HTTP/1.1 200 OK"
2026-01-17 20:37:52,205 [INFO] HTTP Request: POST http://127.0.0.1:11434/api/chat "HTTP/1.1 200 OK"
2026-01-17 20:38:07,438 [INFO] HTTP Request: POST http://127.0.0.1:11434/api/chat "HTTP/1.1 200 OK"
2026-01-17 20:38:37,757 [INFO] Response Status: 200
2026-01-17 20:45:07,221 [INFO] Incoming Request: GET /keys
2026-01-17 20:45:07,232 [INFO] Response Status: 404
2026-01-17 20:45:07,242 [INFO] Incoming Request: GET /keys
2026-01-17 20:45:07,243 [INFO] Response Status: 404
2026-01-17 20:45:31,763 [INFO] Incoming Request: POST /analyze
2026-01-17 20:45:33,649 [INFO] response: https://en.wikipedia.org/w/api.php?action=opensearch&profile=fuzzy&limit=1&search=%22%D0%90%D0%BD%D0%BD%D0%B0%20%D0%A7%D0%B5%D0%BC%D0%B5%D1%80%D0%B8%D1%81%22%20%22%D0%92%D1%80%D0%B8%D0%BD%D0%B4%D0%B0%D0%B2%D0%B0%D0%BD%22 200
2026-01-17 20:45:35,606 [INFO] response: https://grokipedia.com/api/typeahead?query=%22%D0%90%D0%BD%D0%BD%D0%B0+%D0%A7%D0%B5%D0%BC%D0%B5%D1%80%D0%B8%D1%81%22+%22%D0%92%D1%80%D0%B8%D0%BD%D0%B4%D0%B0%D0%B2%D0%B0%D0%BD%22&limit=1 200
2026-01-17 20:45:36,587 [INFO] HTTP Request: POST https://html.duckduckgo.com/html/ "HTTP/2 200 OK"
2026-01-17 20:45:37,629 [INFO] response: https://www.mojeek.com/search?q=%22%D0%90%D0%BD%D0%BD%D0%B0+%D0%A7%D0%B5%D0%BC%D0%B5%D1%80%D0%B8%D1%81%22+%22%D0%92%D1%80%D0%B8%D0%BD%D0%B4%D0%B0%D0%B2%D0%B0%D0%BD%22 403
2026-01-17 20:45:37,944 [INFO] response: https://www.google.com/search?q=%22%D0%90%D0%BD%D0%BD%D0%B0+%D0%A7%D0%B5%D0%BC%D0%B5%D1%80%D0%B8%D1%81%22+%22%D0%92%D1%80%D0%B8%D0%BD%D0%B4%D0%B0%D0%B2%D0%B0%D0%BD%22&filter=1&start=0&hl=en-US&lr=lang_en&cr=countryUS 200
2026-01-17 20:45:38,813 [INFO] response: https://search.brave.com/search?q=%22%D0%90%D0%BD%D0%BD%D0%B0+%D0%A7%D0%B5%D0%BC%D0%B5%D1%80%D0%B8%D1%81%22+%22%D0%92%D1%80%D0%B8%D0%BD%D0%B4%D0%B0%D0%B2%D0%B0%D0%BD%22&source=web 429
2026-01-17 20:45:40,999 [INFO] response: https://yandex.com/search/site/?text=%22%D0%90%D0%BD%D0%BD%D0%B0+%D0%A7%D0%B5%D0%BC%D0%B5%D1%80%D0%B8%D1%81%22+%22%D0%92%D1%80%D0%B8%D0%BD%D0%B4%D0%B0%D0%B2%D0%B0%D0%BD%22&web=1&searchid=6613847 200
2026-01-17 20:46:06,285 [INFO] response: https://en.wikipedia.org/w/api.php?action=opensearch&profile=fuzzy&limit=1&search=%22amritagopi%22%20profile 200
2026-01-17 20:46:07,904 [INFO] response: https://grokipedia.com/api/typeahead?query=%22amritagopi%22+profile&limit=1 200
2026-01-17 20:46:08,346 [INFO] response: https://search.brave.com/search?q=%22amritagopi%22+profile&source=web 429
2026-01-17 20:46:09,297 [INFO] HTTP Request: POST https://html.duckduckgo.com/html/ "HTTP/2 200 OK"
2026-01-17 20:46:09,645 [INFO] response: https://www.google.com/search?q=%22amritagopi%22+profile&filter=1&start=0&hl=en-US&lr=lang_en&cr=countryUS 200
2026-01-17 20:48:57,054 [INFO] response: https://en.wikipedia.org/w/api.php?action=opensearch&profile=fuzzy&limit=1&search=%22amritagopi%22%20%22%D0%90%D0%BD%D0%BD%D0%B0%20%D0%A7%D0%B5%D0%BC%D0%B5%D1%80%D0%B8%D1%81%22 200
2026-01-17 20:48:58,534 [INFO] response: https://grokipedia.com/api/typeahead?query=%22amritagopi%22+%22%D0%90%D0%BD%D0%BD%D0%B0+%D0%A7%D0%B5%D0%BC%D0%B5%D1%80%D0%B8%D1%81%22&limit=1 200
2026-01-17 20:48:59,466 [INFO] HTTP Request: POST https://html.duckduckgo.com/html/ "HTTP/2 200 OK"
2026-01-17 20:48:59,817 [INFO] response: https://www.google.com/search?q=%22amritagopi%22+%22%D0%90%D0%BD%D0%BD%D0%B0+%D0%A7%D0%B5%D0%BC%D0%B5%D1%80%D0%B8%D1%81%22&filter=1&start=0&hl=en-US&lr=lang_en&cr=countryUS 200
2026-01-17 20:49:00,626 [INFO] response: https://search.brave.com/search?q=%22amritagopi%22+%22%D0%90%D0%BD%D0%BD%D0%B0+%D0%A7%D0%B5%D0%BC%D0%B5%D1%80%D0%B8%D1%81%22&source=web 429
2026-01-17 20:49:01,651 [INFO] response: https://www.mojeek.com/search?q=%22amritagopi%22+%22%D0%90%D0%BD%D0%BD%D0%B0+%D0%A7%D0%B5%D0%BC%D0%B5%D1%80%D0%B8%D1%81%22 200
2026-01-17 20:49:04,507 [INFO] response: https://yandex.com/search/site/?text=%22amritagopi%22+%22%D0%90%D0%BD%D0%BD%D0%B0+%D0%A7%D0%B5%D0%BC%D0%B5%D1%80%D0%B8%D1%81%22&web=1&searchid=1510043 200
2026-01-17 20:49:11,323 [INFO] HTTP Request: POST http://127.0.0.1:11434/api/chat "HTTP/1.1 200 OK"
2026-01-17 20:49:21,629 [INFO] response: https://en.wikipedia.org/w/api.php?action=opensearch&profile=fuzzy&limit=1&search=Amrita%20Gopi%20psychologist%20Germany 200
2026-01-17 20:49:23,033 [INFO] response: https://grokipedia.com/api/typeahead?query=Amrita+Gopi+psychologist+Germany&limit=1 200
2026-01-17 20:49:23,929 [INFO] HTTP Request: POST https://html.duckduckgo.com/html/ "HTTP/2 200 OK"
2026-01-17 20:52:16,831 [INFO] response: https://en.wikipedia.org/w/api.php?action=opensearch&profile=fuzzy&limit=1&search=Amrita%20Gopi%20Simhachalam%20Temple%20employee 200
2026-01-17 20:52:18,415 [INFO] response: https://grokipedia.com/api/typeahead?query=Amrita+Gopi+Simhachalam+Temple+employee&limit=1 200
2026-01-17 20:52:20,579 [INFO] HTTP Request: POST https://html.duckduckgo.com/html/ "HTTP/2 200 OK"
2026-01-17 20:54:18,178 [INFO] HTTP Request: POST http://127.0.0.1:11434/api/chat "HTTP/1.1 200 OK"
2026-01-17 20:54:28,046 [INFO] response: https://en.wikipedia.org/w/api.php?action=opensearch&profile=fuzzy&limit=1&search=Amritagopi%20developer%20Hugging%20Face 200
2026-01-17 20:54:28,822 [INFO] response: https://grokipedia.com/api/typeahead?query=Amritagopi+developer+Hugging+Face&limit=1 200
2026-01-17 20:54:31,121 [INFO] response: https://yandex.com/search/site/?text=Amritagopi+developer+Hugging+Face&web=1&searchid=6504502 200
2026-01-17 20:58:28,739 [INFO] response: https://en.wikipedia.org/w/api.php?action=opensearch&profile=fuzzy&limit=1&search=AmritaGopi%20Simhachalam%20Temple%20project%20manager 200
2026-01-17 20:58:29,164 [INFO] response: https://grokipedia.com/api/typeahead?query=AmritaGopi+Simhachalam+Temple+project+manager&limit=1 200
2026-01-17 20:58:29,467 [INFO] response: https://www.google.com/search?q=AmritaGopi+Simhachalam+Temple+project+manager&filter=1&start=0&hl=en-US&lr=lang_en&cr=countryUS 200
2026-01-17 20:58:30,621 [INFO] HTTP Request: POST https://html.duckduckgo.com/html/ "HTTP/2 200 OK"
2026-01-17 21:00:07,233 [INFO] HTTP Request: POST http://127.0.0.1:11434/api/chat "HTTP/1.1 200 OK"
2026-01-17 21:00:22,223 [INFO] HTTP Request: POST http://127.0.0.1:11434/api/chat "HTTP/1.1 200 OK"
2026-01-17 21:00:39,998 [INFO] HTTP Request: POST http://127.0.0.1:11434/api/chat "HTTP/1.1 200 OK"
2026-01-17 21:01:00,498 [INFO] Response Status: 200
2026-01-17 21:10:08,049 [INFO] Incoming Request: GET /keys
2026-01-17 21:10:08,049 [INFO] Response Status: 404
2026-01-17 21:10:08,056 [INFO] Incoming Request: GET /keys
2026-01-17 21:10:08,056 [INFO] Response Status: 404
2026-01-17 21:10:35,368 [INFO] Incoming Request: POST /analyze
2026-01-17 21:10:37,933 [INFO] response: https://en.wikipedia.org/w/api.php?action=opensearch&profile=fuzzy&limit=1&search=%22%D0%93%D0%B0%D0%BB%D0%B8%D0%BD%D0%B0%20%D0%A7%D0%B5%D0%BC%D0%B5%D1%80%D0%B8%D1%81%22%20%22%D0%91%D1%80%D0%B0%D0%B8%D0%BB%D0%BE%D0%B2%22 200
2026-01-17 21:10:38,497 [INFO] response: https://grokipedia.com/api/typeahead?query=%22%D0%93%D0%B0%D0%BB%D0%B8%D0%BD%D0%B0+%D0%A7%D0%B5%D0%BC%D0%B5%D1%80%D0%B8%D1%81%22+%22%D0%91%D1%80%D0%B0%D0%B8%D0%BB%D0%BE%D0%B2%22&limit=1 200
2026-01-17 21:10:39,395 [INFO] HTTP Request: POST https://html.duckduckgo.com/html/ "HTTP/2 200 OK"
2026-01-17 21:10:41,233 [INFO] response: https://yandex.com/search/site/?text=%22%D0%93%D0%B0%D0%BB%D0%B8%D0%BD%D0%B0+%D0%A7%D0%B5%D0%BC%D0%B5%D1%80%D0%B8%D1%81%22+%22%D0%91%D1%80%D0%B0%D0%B8%D0%BB%D0%BE%D0%B2%22&web=1&searchid=9039826 200
2026-01-17 21:10:42,555 [INFO] response: https://www.mojeek.com/search?q=%22%D0%93%D0%B0%D0%BB%D0%B8%D0%BD%D0%B0+%D0%A7%D0%B5%D0%BC%D0%B5%D1%80%D0%B8%D1%81%22+%22%D0%91%D1%80%D0%B0%D0%B8%D0%BB%D0%BE%D0%B2%22 200
2026-01-17 21:10:43,362 [INFO] response: https://search.brave.com/search?q=%22%D0%93%D0%B0%D0%BB%D0%B8%D0%BD%D0%B0+%D0%A7%D0%B5%D0%BC%D0%B5%D1%80%D0%B8%D1%81%22+%22%D0%91%D1%80%D0%B0%D0%B8%D0%BB%D0%BE%D0%B2%22&source=web 429
2026-01-17 21:10:43,759 [INFO] response: https://www.google.com/search?q=%22%D0%93%D0%B0%D0%BB%D0%B8%D0%BD%D0%B0+%D0%A7%D0%B5%D0%BC%D0%B5%D1%80%D0%B8%D1%81%22+%22%D0%91%D1%80%D0%B0%D0%B8%D0%BB%D0%BE%D0%B2%22&filter=1&start=0&hl=en-US&lr=lang_en&cr=countryUS 200
2026-01-17 21:11:19,015 [INFO] HTTP Request: POST http://127.0.0.1:11434/api/chat "HTTP/1.1 200 OK"
2026-01-17 21:11:32,623 [INFO] response: https://grokipedia.com/api/typeahead?query=%22Tatiana+Lazareva%22+email&limit=1 200
2026-01-17 21:11:32,879 [INFO] response: https://en.wikipedia.org/w/api.php?action=opensearch&profile=fuzzy&limit=1&search=%22Tatiana%20Lazareva%22%20email 200
2026-01-17 21:11:35,815 [INFO] response: https://yandex.com/search/site/?text=%22Tatiana+Lazareva%22+email&web=1&searchid=1929197 200
2026-01-17 21:14:52,396 [INFO] response: https://en.wikipedia.org/w/api.php?action=opensearch&profile=fuzzy&limit=1&search=%22Elena%20Gribanova%20%28Lisitsyna%29%22%20vk%20profile 200
2026-01-17 21:14:53,237 [INFO] response: https://grokipedia.com/api/typeahead?query=%22Elena+Gribanova+%28Lisitsyna%29%22+vk+profile&limit=1 200
2026-01-17 21:14:53,565 [INFO] response: https://www.google.com/search?q=%22Elena+Gribanova+%28Lisitsyna%29%22+vk+profile&filter=1&start=0&hl=en-US&lr=lang_en&cr=countryUS 200
2026-01-17 21:14:54,497 [INFO] response: https://search.brave.com/search?q=%22Elena+Gribanova+%28Lisitsyna%29%22+vk+profile&source=web 429
2026-01-17 21:14:56,601 [INFO] response: https://www.mojeek.com/search?q=%22Elena+Gribanova+%28Lisitsyna%29%22+vk+profile 200
2026-01-17 21:14:57,557 [INFO] HTTP Request: POST https://html.duckduckgo.com/html/ "HTTP/2 200 OK"
2026-01-17 21:14:59,626 [INFO] response: https://yandex.com/search/site/?text=%22Elena+Gribanova+%28Lisitsyna%29%22+vk+profile&web=1&searchid=8207966 200
2026-01-17 21:15:01,571 [INFO] response: https://en.wikipedia.org/w/api.php?action=opensearch&profile=fuzzy&limit=1&search=%22Russian_federation%22%20contact%20list 200
2026-01-17 21:15:05,363 [INFO] Error in engine mojeek: TimeoutException("Request timed out: RuntimeError('error sending request for url (https://grokipedia.com/api/typeahead?query=%22Russian_federation%22+contact+list&limit=1): operation timed out\\n\\nCaused by:\\n    operation timed out')")
2026-01-17 21:15:06,524 [INFO] HTTP Request: POST https://html.duckduckgo.com/html/ "HTTP/2 200 OK"
2026-01-17 21:15:07,178 [INFO] response: https://www.mojeek.com/search?q=%22Russian_federation%22+contact+list 200
2026-01-17 21:18:16,895 [INFO] response: https://en.wikipedia.org/w/api.php?action=opensearch&profile=fuzzy&limit=1&search=%22Shaposhnik%20%28Lazareuk%29%22%20location%3A%20Moscow 200
2026-01-17 21:18:17,385 [INFO] response: https://grokipedia.com/api/typeahead?query=%22Shaposhnik+%28Lazareuk%29%22+location%3A+Moscow&limit=1 200
2026-01-17 21:18:18,658 [INFO] response: https://search.brave.com/search?q=%22Shaposhnik+%28Lazareuk%29%22+location%3A+Moscow&source=web 200
2026-01-17 21:21:05,651 [INFO] HTTP Request: POST http://127.0.0.1:11434/api/chat "HTTP/1.1 200 OK"
2026-01-17 21:21:19,270 [INFO] response: https://grokipedia.com/api/typeahead?query=%22%D0%95%D0%BB%D0%B5%D0%BD%D0%B0+%D0%93%D1%80%D0%B8%D0%B1%D0%B0%D0%BD%D0%BE%D0%B2%D0%B0+%28%D0%9B%D0%B8%D1%81%D0%B8%D1%86%D1%8B%D0%BD%D0%B0%29%22&limit=1 200
2026-01-17 21:21:20,932 [INFO] response: https://en.wikipedia.org/w/api.php?action=opensearch&profile=fuzzy&limit=1&search=%22%D0%95%D0%BB%D0%B5%D0%BD%D0%B0%20%D0%93%D1%80%D0%B8%D0%B1%D0%B0%D0%BD%D0%BE%D0%B2%D0%B0%20%28%D0%9B%D0%B8%D1%81%D0%B8%D1%86%D1%8B%D0%BD%D0%B0%29%22 200
2026-01-17 21:21:21,446 [INFO] response: https://search.brave.com/search?q=%22%D0%95%D0%BB%D0%B5%D0%BD%D0%B0+%D0%93%D1%80%D0%B8%D0%B1%D0%B0%D0%BD%D0%BE%D0%B2%D0%B0+%28%D0%9B%D0%B8%D1%81%D0%B8%D1%86%D1%8B%D0%BD%D0%B0%29%22&source=web 429
2026-01-17 21:21:22,270 [INFO] response: https://search.yahoo.com/search;_ylt=z6U9-Xh5fF1v0eZEZROu_dHh;_ylu=3G-V0s5cXB2miGFJBtMnKf5bIDQKUO3YgnuZnzQVU3h8N7w?p=%22%D0%95%D0%BB%D0%B5%D0%BD%D0%B0+%D0%93%D1%80%D0%B8%D0%B1%D0%B0%D0%BD%D0%BE%D0%B2%D0%B0+%28%D0%9B%D0%B8%D1%81%D0%B8%D1%86%D1%8B%D0%BD%D0%B0%29%22 200
2026-01-17 21:21:24,141 [INFO] response: https://yandex.com/search/site/?text=%22%D0%95%D0%BB%D0%B5%D0%BD%D0%B0+%D0%93%D1%80%D0%B8%D0%B1%D0%B0%D0%BD%D0%BE%D0%B2%D0%B0+%28%D0%9B%D0%B8%D1%81%D0%B8%D1%86%D1%8B%D0%BD%D0%B0%29%22&web=1&searchid=6242588 200
2026-01-17 21:21:25,844 [INFO] response: https://www.mojeek.com/search?q=%22%D0%95%D0%BB%D0%B5%D0%BD%D0%B0+%D0%93%D1%80%D0%B8%D0%B1%D0%B0%D0%BD%D0%BE%D0%B2%D0%B0+%28%D0%9B%D0%B8%D1%81%D0%B8%D1%86%D1%8B%D0%BD%D0%B0%29%22 403
2026-01-17 21:21:26,310 [INFO] response: https://www.google.com/search?q=%22%D0%95%D0%BB%D0%B5%D0%BD%D0%B0+%D0%93%D1%80%D0%B8%D0%B1%D0%B0%D0%BD%D0%BE%D0%B2%D0%B0+%28%D0%9B%D0%B8%D1%81%D0%B8%D1%86%D1%8B%D0%BD%D0%B0%29%22&filter=1&start=0&hl=en-US&lr=lang_en&cr=countryUS 200
2026-01-17 21:24:15,267 [INFO] response: https://en.wikipedia.org/w/api.php?action=opensearch&profile=fuzzy&limit=1&search=%22%D0%A2%D0%B0%D1%82%D1%8C%D1%8F%D0%BD%D0%B0%20%D0%A8%D0%B0%D0%BF%D0%BE%D1%88%D0%BD%D0%B8%D0%BA%20%28%D0%9B%D0%B0%D0%B7%D0%B0%D1%80%D1%83%D0%BA%29%22 200
2026-01-17 21:24:16,701 [INFO] response: https://grokipedia.com/api/typeahead?query=%22%D0%A2%D0%B0%D1%82%D1%8C%D1%8F%D0%BD%D0%B0+%D0%A8%D0%B0%D0%BF%D0%BE%D1%88%D0%BD%D0%B8%D0%BA+%28%D0%9B%D0%B0%D0%B7%D0%B0%D1%80%D1%83%D0%BA%29%22&limit=1 200
2026-01-17 21:24:17,259 [INFO] response: https://search.brave.com/search?q=%22%D0%A2%D0%B0%D1%82%D1%8C%D1%8F%D0%BD%D0%B0+%D0%A8%D0%B0%D0%BF%D0%BE%D1%88%D0%BD%D0%B8%D0%BA+%28%D0%9B%D0%B0%D0%B7%D0%B0%D1%80%D1%83%D0%BA%29%22&source=web 429
2026-01-17 21:24:20,817 [INFO] response: https://yandex.com/search/site/?text=%22%D0%A2%D0%B0%D1%82%D1%8C%D1%8F%D0%BD%D0%B0+%D0%A8%D0%B0%D0%BF%D0%BE%D1%88%D0%BD%D0%B8%D0%BA+%28%D0%9B%D0%B0%D0%B7%D0%B0%D1%80%D1%83%D0%BA%29%22&web=1&searchid=5744619 200
2026-01-17 21:24:21,939 [INFO] HTTP Request: POST https://html.duckduckgo.com/html/ "HTTP/2 200 OK"
2026-01-17 21:27:34,961 [INFO] response: https://en.wikipedia.org/w/api.php?action=opensearch&profile=fuzzy&limit=1&search=%22%D0%95%D0%BB%D0%B5%D0%BD%D0%B0%20%D0%93%D1%80%D0%B8%D0%B1%D0%B0%D0%BD%D0%BE%D0%B2%D0%B0%20%28%D0%9B%D0%B8%D1%81%D0%B8%D1%86%D1%8B%D0%BD%D0%B0%29%22%20psychologist%20Moscow%20Russia 200
2026-01-17 21:27:34,972 [INFO] response: https://grokipedia.com/api/typeahead?query=%22%D0%95%D0%BB%D0%B5%D0%BD%D0%B0+%D0%93%D1%80%D0%B8%D0%B1%D0%B0%D0%BD%D0%BE%D0%B2%D0%B0+%28%D0%9B%D0%B8%D1%81%D0%B8%D1%86%D1%8B%D0%BD%D0%B0%29%22+psychologist+Moscow+Russia&limit=1 200
2026-01-17 21:27:36,300 [INFO] response: https://www.mojeek.com/search?q=%22%D0%95%D0%BB%D0%B5%D0%BD%D0%B0+%D0%93%D1%80%D0%B8%D0%B1%D0%B0%D0%BD%D0%BE%D0%B2%D0%B0+%28%D0%9B%D0%B8%D1%81%D0%B8%D1%86%D1%8B%D0%BD%D0%B0%29%22+psychologist+Moscow+Russia 403
2026-01-17 21:27:36,664 [INFO] response: https://www.google.com/search?q=%22%D0%95%D0%BB%D0%B5%D0%BD%D0%B0+%D0%93%D1%80%D0%B8%D0%B1%D0%B0%D0%BD%D0%BE%D0%B2%D0%B0+%28%D0%9B%D0%B8%D1%81%D0%B8%D1%86%D1%8B%D0%BD%D0%B0%29%22+psychologist+Moscow+Russia&filter=1&start=0&hl=en-US&lr=lang_en&cr=countryUS 200
2026-01-17 21:27:38,367 [INFO] HTTP Request: POST https://html.duckduckgo.com/html/ "HTTP/2 200 OK"
2026-01-17 21:27:40,080 [INFO] response: https://yandex.com/search/site/?text=%22%D0%95%D0%BB%D0%B5%D0%BD%D0%B0+%D0%93%D1%80%D0%B8%D0%B1%D0%B0%D0%BD%D0%BE%D0%B2%D0%B0+%28%D0%9B%D0%B8%D1%81%D0%B8%D1%86%D1%8B%D0%BD%D0%B0%29%22+psychologist+Moscow+Russia&web=1&searchid=2561477 200
2026-01-17 21:27:40,611 [INFO] response: https://search.brave.com/search?q=%22%D0%95%D0%BB%D0%B5%D0%BD%D0%B0+%D0%93%D1%80%D0%B8%D0%B1%D0%B0%D0%BD%D0%BE%D0%B2%D0%B0+%28%D0%9B%D0%B8%D1%81%D0%B8%D1%86%D1%8B%D0%BD%D0%B0%29%22+psychologist+Moscow+Russia&source=web 429
2026-01-17 21:27:45,340 [INFO] HTTP Request: POST http://127.0.0.1:11434/api/chat "HTTP/1.1 200 OK"
2026-01-17 21:28:02,835 [INFO] HTTP Request: POST http://127.0.0.1:11434/api/chat "HTTP/1.1 200 OK"
2026-01-17 21:28:32,059 [INFO] HTTP Request: POST http://127.0.0.1:11434/api/chat "HTTP/1.1 200 OK"
2026-01-17 21:28:49,028 [INFO] Response Status: 200
2026-01-17 21:32:51,233 [INFO] Incoming Request: GET /keys
2026-01-17 21:32:51,246 [INFO] Response Status: 404
2026-01-17 21:32:51,285 [INFO] Incoming Request: GET /keys
2026-01-17 21:32:51,291 [INFO] Response Status: 404
2026-01-17 22:10:49,422 [INFO] Incoming Request: GET /keys
2026-01-17 22:10:49,431 [INFO] Response Status: 404
2026-01-17 22:10:49,443 [INFO] Incoming Request: GET /keys
2026-01-17 22:10:49,451 [INFO] Response Status: 404
2026-01-17 22:10:54,892 [INFO] Incoming Request: POST /keys
2026-01-17 22:10:54,894 [INFO] Response Status: 404
2026-01-17 22:12:03,522 [INFO] Incoming Request: POST /analyze
2026-01-17 22:12:05,364 [INFO] response: https://en.wikipedia.org/w/api.php?action=opensearch&profile=fuzzy&limit=1&search=%22%D0%93%D0%B0%D0%BB%D0%B8%D0%BD%D0%B0%20%D0%A7%D0%B5%D0%BC%D0%B5%D1%80%D0%B8%D1%81%22%20%22%D0%91%D1%80%D0%B0%D0%B8%D0%BB%D0%BE%D0%B2%22 200
2026-01-17 22:12:06,145 [INFO] response: https://grokipedia.com/api/typeahead?query=%22%D0%93%D0%B0%D0%BB%D0%B8%D0%BD%D0%B0+%D0%A7%D0%B5%D0%BC%D0%B5%D1%80%D0%B8%D1%81%22+%22%D0%91%D1%80%D0%B0%D0%B8%D0%BB%D0%BE%D0%B2%22&limit=1 200
2026-01-17 22:12:06,651 [INFO] response: https://search.brave.com/search?q=%22%D0%93%D0%B0%D0%BB%D0%B8%D0%BD%D0%B0+%D0%A7%D0%B5%D0%BC%D0%B5%D1%80%D0%B8%D1%81%22+%22%D0%91%D1%80%D0%B0%D0%B8%D0%BB%D0%BE%D0%B2%22&source=web 429
2026-01-17 22:12:06,997 [INFO] response: https://www.google.com/search?q=%22%D0%93%D0%B0%D0%BB%D0%B8%D0%BD%D0%B0+%D0%A7%D0%B5%D0%BC%D0%B5%D1%80%D0%B8%D1%81%22+%22%D0%91%D1%80%D0%B0%D0%B8%D0%BB%D0%BE%D0%B2%22&filter=1&start=0&hl=en-US&lr=lang_en&cr=countryUS 200
2026-01-17 22:12:08,482 [INFO] response: https://www.mojeek.com/search?q=%22%D0%93%D0%B0%D0%BB%D0%B8%D0%BD%D0%B0+%D0%A7%D0%B5%D0%BC%D0%B5%D1%80%D0%B8%D1%81%22+%22%D0%91%D1%80%D0%B0%D0%B8%D0%BB%D0%BE%D0%B2%22 200
2026-01-17 22:12:09,594 [INFO] HTTP Request: POST https://html.duckduckgo.com/html/ "HTTP/2 200 OK"
2026-01-17 22:12:13,441 [INFO] response: https://yandex.com/search/site/?text=%22%D0%93%D0%B0%D0%BB%D0%B8%D0%BD%D0%B0+%D0%A7%D0%B5%D0%BC%D0%B5%D1%80%D0%B8%D1%81%22+%22%D0%91%D1%80%D0%B0%D0%B8%D0%BB%D0%BE%D0%B2%22&web=1&searchid=6056134 200
2026-01-17 22:12:50,999 [INFO] HTTP Request: POST http://127.0.0.1:11434/api/chat "HTTP/1.1 200 OK"
2026-01-17 22:13:07,873 [INFO] response: https://en.wikipedia.org/w/api.php?action=opensearch&profile=fuzzy&limit=1&search=%27Tatiana%20Shaposhnik%27%20vkontakte.ru 200
2026-01-17 22:13:08,068 [INFO] response: https://grokipedia.com/api/typeahead?query=%27Tatiana+Shaposhnik%27+vkontakte.ru&limit=1 200
2026-01-17 22:13:11,104 [INFO] response: https://yandex.com/search/site/?text=%27Tatiana+Shaposhnik%27+vkontakte.ru&web=1&searchid=8558344 200
2026-01-17 22:16:53,419 [INFO] response: https://en.wikipedia.org/w/api.php?action=opensearch&profile=fuzzy&limit=1&search=%27Viktoriya%20Makar-zaretskaya%27%20vkontakte.ru 200
2026-01-17 22:16:55,259 [INFO] response: https://grokipedia.com/api/typeahead?query=%27Viktoriya+Makar-zaretskaya%27+vkontakte.ru&limit=1 200
2026-01-17 22:16:57,729 [INFO] response: https://www.mojeek.com/search?q=%27Viktoriya+Makar-zaretskaya%27+vkontakte.ru 200
2026-01-17 22:17:00,749 [INFO] response: https://yandex.com/search/site/?text=%27Viktoriya+Makar-zaretskaya%27+vkontakte.ru&web=1&searchid=8932643 200
2026-01-17 22:21:40,793 [INFO] response: https://grokipedia.com/api/typeahead?query=%27Sergey+Sha%27+vkontakte.ru&limit=1 200
2026-01-17 22:21:41,075 [INFO] response: https://en.wikipedia.org/w/api.php?action=opensearch&profile=fuzzy&limit=1&search=%27Sergey%20Sha%27%20vkontakte.ru 200
2026-01-17 22:21:41,998 [INFO] HTTP Request: POST https://html.duckduckgo.com/html/ "HTTP/2 200 OK"
2026-01-17 22:25:34,148 [INFO] HTTP Request: POST http://127.0.0.1:11434/api/chat "HTTP/1.1 200 OK"
2026-01-17 22:25:58,334 [INFO] response: https://en.wikipedia.org/w/api.php?action=opensearch&profile=fuzzy&limit=1&search=%22Victoria%20Makar%20-zaretskaya%22%20Russia 200
2026-01-17 22:25:59,757 [INFO] response: https://grokipedia.com/api/typeahead?query=%22Victoria+Makar+-zaretskaya%22+Russia&limit=1 200
2026-01-17 22:26:04,826 [INFO] Error in engine duckduckgo: TimeoutException("Request timed out: RuntimeError('error sending request for url (https://yandex.com/search/site/?text=%22Victoria+Makar+-zaretskaya%22+Russia&web=1&searchid=2835373): operation timed out\\n\\nCaused by:\\n    operation timed out')")
2026-01-17 22:26:05,210 [INFO] response: https://www.google.com/search?q=%22Victoria+Makar+-zaretskaya%22+Russia&filter=1&start=0&hl=en-US&lr=lang_en&cr=countryUS 200
2026-01-17 22:26:05,673 [INFO] HTTP Request: POST https://html.duckduckgo.com/html/ "HTTP/2 200 OK"
2026-01-17 22:28:16,598 [INFO] response: https://en.wikipedia.org/w/api.php?action=opensearch&profile=fuzzy&limit=1&search=%22%D0%A1%D0%B5%D1%80%D0%B3%D0%B5%D0%B9%20%D0%A8%D0%B0%22%20Russia 200
2026-01-17 22:28:17,423 [INFO] response: https://grokipedia.com/api/typeahead?query=%22%D0%A1%D0%B5%D1%80%D0%B3%D0%B5%D0%B9+%D0%A8%D0%B0%22+Russia&limit=1 200
2026-01-17 22:28:19,252 [INFO] response: https://search.yahoo.com/search;_ylt=9ZWOY0INWhYF3wwzaC-FuKae;_ylu=GsoQsku736rFRh5ofXDBpDUlsE3_e-6R5hEf1z-VBZVjgmQ?p=%22%D0%A1%D0%B5%D1%80%D0%B3%D0%B5%D0%B9+%D0%A8%D0%B0%22+Russia 200
2026-01-17 22:28:21,170 [INFO] response: https://www.mojeek.com/search?q=%22%D0%A1%D0%B5%D1%80%D0%B3%D0%B5%D0%B9+%D0%A8%D0%B0%22+Russia 200
2026-01-17 22:28:22,581 [INFO] response: https://search.brave.com/search?q=%22%D0%A1%D0%B5%D1%80%D0%B3%D0%B5%D0%B9+%D0%A8%D0%B0%22+Russia&source=web 200
2026-01-17 22:33:29,801 [INFO] response: https://grokipedia.com/api/typeahead?query=%22Viktoriya+Makar+-zaretskaya%22+Ukraine+M%D0%B5%D0%BB%D0%B8%D1%82%D0%BE%D0%BF%D0%BE%D0%BB%D1%8C&limit=1 200
2026-01-17 22:33:33,357 [INFO] Error in engine grokipedia: TimeoutException("Request timed out: RuntimeError('error sending request for url (https://en.wikipedia.org/w/api.php?action=opensearch&profile=fuzzy&limit=1&search=%22Viktoriya%20Makar%20-zaretskaya%22%20Ukraine%20M%D0%B5%D0%BB%D0%B8%D1%82%D0%BE%D0%BF%D0%BE%D0%BB%D1%8C): operation timed out\\n\\nCaused by:\\n    operation timed out')")
2026-01-17 22:33:34,434 [INFO] response: https://search.yahoo.com/search;_ylt=5X_CkaNz_GF8O3YOLSAG5Vg3;_ylu=td8gLWPuZgR1HH5Fw4reMwIl5dbM7Tphnun9Qox_ttShhZI?p=%22Viktoriya+Makar+-zaretskaya%22+Ukraine+M%D0%B5%D0%BB%D0%B8%D1%82%D0%BE%D0%BF%D0%BE%D0%BB%D1%8C 200
2026-01-17 22:33:35,185 [INFO] response: https://search.brave.com/search?q=%22Viktoriya+Makar+-zaretskaya%22+Ukraine+M%D0%B5%D0%BB%D0%B8%D1%82%D0%BE%D0%BF%D0%BE%D0%BB%D1%8C&source=web 429
2026-01-17 22:33:35,597 [INFO] response: https://www.google.com/search?q=%22Viktoriya+Makar+-zaretskaya%22+Ukraine+M%D0%B5%D0%BB%D0%B8%D1%82%D0%BE%D0%BF%D0%BE%D0%BB%D1%8C&filter=1&start=0&hl=en-US&lr=lang_en&cr=countryUS 200
2026-01-17 22:33:37,746 [INFO] response: https://yandex.com/search/site/?text=%22Viktoriya+Makar+-zaretskaya%22+Ukraine+M%D0%B5%D0%BB%D0%B8%D1%82%D0%BE%D0%BF%D0%BE%D0%BB%D1%8C&web=1&searchid=6548336 200
2026-01-17 22:33:39,554 [INFO] response: https://www.mojeek.com/search?q=%22Viktoriya+Makar+-zaretskaya%22+Ukraine+M%D0%B5%D0%BB%D0%B8%D1%82%D0%BE%D0%BF%D0%BE%D0%BB%D1%8C 200
2026-01-17 22:33:40,655 [INFO] HTTP Request: POST https://html.duckduckgo.com/html/ "HTTP/2 200 OK"
2026-01-17 22:34:00,826 [INFO] response: https://grokipedia.com/api/typeahead?query=%22Tatiana+Shaposnik+Lazaruuk%22+psychologist+Moscow&limit=1 200
2026-01-17 22:34:01,451 [INFO] response: https://en.wikipedia.org/w/api.php?action=opensearch&profile=fuzzy&limit=1&search=%22Tatiana%20Shaposnik%20Lazaruuk%22%20psychologist%20Moscow 200
2026-01-17 22:34:01,881 [INFO] response: https://search.brave.com/search?q=%22Tatiana+Shaposnik+Lazaruuk%22+psychologist+Moscow&source=web 429
2026-01-17 22:34:05,320 [INFO] response: https://yandex.com/search/site/?text=%22Tatiana+Shaposnik+Lazaruuk%22+psychologist+Moscow&web=1&searchid=4728851 200
2026-01-17 22:34:07,299 [INFO] response: https://www.mojeek.com/search?q=%22Tatiana+Shaposnik+Lazaruuk%22+psychologist+Moscow 200
2026-01-17 22:34:08,075 [INFO] response: https://search.yahoo.com/search;_ylt=qfwqTG7EGy-EuV65VANDAzM1;_ylu=cz8rNMI9rIM0u2g-pRhArlFbuIO6ZaeZEMiXGT6TfZslVSY?p=%22Tatiana+Shaposnik+Lazaruuk%22+psychologist+Moscow 200
2026-01-17 22:34:08,797 [INFO] response: https://www.google.com/search?q=%22Tatiana+Shaposnik+Lazaruuk%22+psychologist+Moscow&filter=1&start=0&hl=en-US&lr=lang_en&cr=countryUS 200
2026-01-17 22:36:58,609 [INFO] response: https://en.wikipedia.org/w/api.php?action=opensearch&profile=fuzzy&limit=1&search=%22Tatiana%20Shaposnik%20Lazaruuk%22%20profession%20Moscow 200
2026-01-17 22:36:59,072 [INFO] response: https://grokipedia.com/api/typeahead?query=%22Tatiana+Shaposnik+Lazaruuk%22+profession+Moscow&limit=1 200
2026-01-17 22:37:01,870 [INFO] response: https://www.mojeek.com/search?q=%22Tatiana+Shaposnik+Lazaruuk%22+profession+Moscow 200
2026-01-17 22:37:03,066 [INFO] HTTP Request: POST https://html.duckduckgo.com/html/ "HTTP/2 200 OK"
2026-01-17 22:37:03,352 [INFO] response: https://www.google.com/search?q=%22Tatiana+Shaposnik+Lazaruuk%22+profession+Moscow&filter=1&start=0&hl=en-US&lr=lang_en&cr=countryUS 200
2026-01-17 22:37:08,629 [INFO] response: https://yandex.com/search/site/?text=%22Tatiana+Shaposnik+Lazaruuk%22+profession+Moscow&web=1&searchid=1387298 200
2026-01-17 22:37:08,639 [INFO] Error in engine yandex: TimeoutException("Request timed out: RuntimeError('request or response body error: request or response body error: operation timed out\\n\\nCaused by:\\n    0: request or response body error: operation timed out\\n    1: operation timed out')")
2026-01-17 22:37:09,151 [INFO] response: https://search.brave.com/search?q=%22Tatiana+Shaposnik+Lazaruuk%22+profession+Moscow&source=web 429
2026-01-17 22:37:13,755 [INFO] HTTP Request: POST http://127.0.0.1:11434/api/chat "HTTP/1.1 200 OK"
2026-01-17 22:37:24,695 [INFO] HTTP Request: POST http://127.0.0.1:11434/api/chat "HTTP/1.1 200 OK"
2026-01-17 22:37:35,222 [INFO] HTTP Request: POST http://127.0.0.1:11434/api/chat "HTTP/1.1 200 OK"
2026-01-17 22:38:26,501 [INFO] Response Status: 200
2026-01-17 22:49:14,410 [INFO] Incoming Request: GET /keys
2026-01-17 22:49:14,421 [INFO] Response Status: 404
2026-01-17 22:49:14,434 [INFO] Incoming Request: GET /keys
2026-01-17 22:49:14,438 [INFO] Response Status: 404
2026-01-17 22:51:59,591 [INFO] Incoming Request: GET /keys
2026-01-17 22:51:59,593 [INFO] Response Status: 404
2026-01-17 22:51:59,629 [INFO] Incoming Request: GET /keys
2026-01-17 22:51:59,633 [INFO] Response Status: 404
2026-01-17 22:52:42,713 [INFO] Incoming Request: POST /analyze
2026-01-17 22:52:44,680 [INFO] response: https://en.wikipedia.org/w/api.php?action=opensearch&profile=fuzzy&limit=1&search=%22%D0%9F%D0%B0%D0%B2%D0%B5%D0%BB%20%D0%A1%D1%82%D0%BE%D0%BB%D0%B1%D0%BE%D0%B2%D1%81%D0%BA%D0%B8%D0%B9%22%20%22%D0%91%D0%B0%D1%80%D0%BD%D0%B0%D1%83%D0%BB%22 200
2026-01-17 22:52:45,011 [INFO] response: https://grokipedia.com/api/typeahead?query=%22%D0%9F%D0%B0%D0%B2%D0%B5%D0%BB+%D0%A1%D1%82%D0%BE%D0%BB%D0%B1%D0%BE%D0%B2%D1%81%D0%BA%D0%B8%D0%B9%22+%22%D0%91%D0%B0%D1%80%D0%BD%D0%B0%D1%83%D0%BB%22&limit=1 200
2026-01-17 22:52:45,541 [INFO] response: https://search.brave.com/search?q=%22%D0%9F%D0%B0%D0%B2%D0%B5%D0%BB+%D0%A1%D1%82%D0%BE%D0%BB%D0%B1%D0%BE%D0%B2%D1%81%D0%BA%D0%B8%D0%B9%22+%22%D0%91%D0%B0%D1%80%D0%BD%D0%B0%D1%83%D0%BB%22&source=web 429
2026-01-17 22:52:46,505 [INFO] response: https://search.yahoo.com/search;_ylt=xMfGJr19TuenYGOLQfaU0djr;_ylu=ahrxBZ8uMnbwMIkBEln2FOi0cINhaIUCs7Ud9ZSJJ6qrZCk?p=%22%D0%9F%D0%B0%D0%B2%D0%B5%D0%BB+%D0%A1%D1%82%D0%BE%D0%BB%D0%B1%D0%BE%D0%B2%D1%81%D0%BA%D0%B8%D0%B9%22+%22%D0%91%D0%B0%D1%80%D0%BD%D0%B0%D1%83%D0%BB%22 200
2026-01-17 22:52:48,766 [INFO] response: https://yandex.com/search/site/?text=%22%D0%9F%D0%B0%D0%B2%D0%B5%D0%BB+%D0%A1%D1%82%D0%BE%D0%BB%D0%B1%D0%BE%D0%B2%D1%81%D0%BA%D0%B8%D0%B9%22+%22%D0%91%D0%B0%D1%80%D0%BD%D0%B0%D1%83%D0%BB%22&web=1&searchid=3521466 200
2026-01-17 23:07:18,079 [INFO] HTTP Request: POST http://127.0.0.1:11434/api/chat "HTTP/1.1 200 OK"
2026-01-17 23:16:57,162 [INFO] HTTP Request: POST http://127.0.0.1:11434/api/chat "HTTP/1.1 200 OK"
2026-01-17 23:19:45,662 [INFO] HTTP Request: POST http://127.0.0.1:11434/api/chat "HTTP/1.1 200 OK"
2026-01-17 23:19:59,968 [INFO] HTTP Request: POST http://127.0.0.1:11434/api/chat "HTTP/1.1 200 OK"
2026-01-17 23:20:36,717 [INFO] HTTP Request: POST http://127.0.0.1:11434/api/chat "HTTP/1.1 200 OK"
2026-01-17 23:21:28,769 [INFO] Response Status: 200
2026-01-18 00:18:05,316 [INFO] Incoming Request: GET /keys
2026-01-18 00:18:05,322 [INFO] Response Status: 404
2026-01-18 00:18:05,334 [INFO] Incoming Request: GET /keys
2026-01-18 00:18:05,334 [INFO] Response Status: 404
2026-01-18 00:18:11,078 [INFO] Incoming Request: POST /analyze
2026-01-18 00:25:17,421 [INFO] Response Status: 200
2026-01-18 00:35:14,783 [INFO] Incoming Request: GET /api/keys
2026-01-18 00:35:14,788 [INFO] Response Status: 200
2026-01-18 00:35:14,800 [INFO] Incoming Request: GET /api/keys
2026-01-18 00:35:14,801 [INFO] Response Status: 200
2026-01-18 00:50:55,904 [INFO] Incoming Request: GET /api/keys
2026-01-18 00:50:55,977 [INFO] Response Status: 200
2026-01-18 00:50:55,992 [INFO] Incoming Request: GET /api/keys
2026-01-18 00:50:55,998 [INFO] Response Status: 200
2026-01-18 00:51:11,720 [INFO] Incoming Request: POST /api/analyze
2026-01-18 00:57:33,646 [INFO] HTTP Request: POST http://127.0.0.1:11434/api/chat "HTTP/1.1 200 OK"
2026-01-18 01:04:36,858 [INFO] HTTP Request: POST http://127.0.0.1:11434/api/chat "HTTP/1.1 200 OK"
2026-01-18 01:09:41,615 [INFO] HTTP Request: POST http://127.0.0.1:11434/api/chat "HTTP/1.1 200 OK"
2026-01-18 01:10:00,575 [INFO] HTTP Request: POST http://127.0.0.1:11434/api/chat "HTTP/1.1 200 OK"
2026-01-18 01:10:43,264 [INFO] HTTP Request: POST http://127.0.0.1:11434/api/chat "HTTP/1.1 200 OK"
2026-01-18 01:11:53,304 [INFO] Incoming Request: GET /api/keys
2026-01-18 01:11:53,317 [INFO] Response Status: 200
2026-01-18 01:11:53,334 [INFO] Incoming Request: GET /api/keys
2026-01-18 01:11:53,348 [INFO] Response Status: 200
2026-01-18 01:11:59,144 [INFO] Incoming Request: POST /api/analyze
2026-01-18 01:11:59,151 [INFO] Response Status: 500
2026-01-18 01:12:32,413 [INFO] Incoming Request: POST /api/analyze
2026-01-18 01:12:32,419 [INFO] Response Status: 500
2026-01-18 01:12:55,060 [INFO] Incoming Request: GET /api/keys
2026-01-18 01:12:55,068 [INFO] Response Status: 200
2026-01-18 01:12:55,087 [INFO] Incoming Request: GET /api/keys
2026-01-18 01:12:55,133 [INFO] Response Status: 200
2026-01-18 01:13:00,932 [INFO] Incoming Request: POST /api/analyze
2026-01-18 01:13:00,941 [INFO] Response Status: 500
2026-01-18 01:14:59,488 [INFO] Incoming Request: GET /api/keys
2026-01-18 01:14:59,506 [INFO] Response Status: 200
2026-01-18 01:14:59,518 [INFO] Incoming Request: GET /api/keys
2026-01-18 01:14:59,523 [INFO] Response Status: 200
2026-01-18 01:15:13,579 [INFO] Incoming Request: POST /api/analyze
2026-01-18 01:20:59,433 [INFO] HTTP Request: POST http://127.0.0.1:11434/api/chat "HTTP/1.1 200 OK"
2026-01-18 01:21:17,893 [INFO] HTTP Request: POST http://127.0.0.1:11434/api/chat "HTTP/1.1 200 OK"
2026-01-18 01:22:22,616 [INFO] HTTP Request: POST http://127.0.0.1:11434/api/chat "HTTP/1.1 200 OK"
2026-01-18 01:23:28,673 [INFO] Response Status: 200
2026-01-18 01:34:53,401 [INFO] Incoming Request: GET /
2026-01-18 01:34:53,403 [INFO] Response Status: 200
2026-01-18 01:34:53,409 [INFO] Incoming Request: POST /analyze
2026-01-18 01:34:53,409 [INFO] Response Status: 404
2026-01-18 01:35:10,794 [INFO] Incoming Request: GET /
2026-01-18 01:35:10,795 [INFO] Response Status: 200
2026-01-18 01:35:10,799 [INFO] Incoming Request: POST /api/analyze
2026-01-18 01:38:35,765 [INFO] HTTP Request: POST http://127.0.0.1:11434/api/chat "HTTP/1.1 200 OK"
2026-01-18 01:38:48,026 [INFO] HTTP Request: POST http://127.0.0.1:11434/api/chat "HTTP/1.1 200 OK"
2026-01-18 01:39:44,900 [INFO] HTTP Request: POST http://127.0.0.1:11434/api/chat "HTTP/1.1 200 OK"
2026-01-18 02:28:48,767 [INFO] Incoming Request: GET /api/keys
2026-01-18 02:28:48,773 [INFO] Response Status: 200
2026-01-18 02:28:48,912 [INFO] Incoming Request: GET /api/keys
2026-01-18 02:28:48,914 [INFO] Response Status: 200
2026-01-18 02:28:53,492 [INFO] Incoming Request: POST /api/analyze
2026-01-18 02:34:50,019 [INFO] Response Status: 200
2026-01-18 03:07:58,998 [INFO] Incoming Request: GET /api/keys
2026-01-18 03:07:59,005 [INFO] Response Status: 200
2026-01-18 03:07:59,017 [INFO] Incoming Request: GET /api/keys
2026-01-18 03:07:59,023 [INFO] Response Status: 200
2026-01-18 03:08:03,598 [INFO] Incoming Request: POST /api/analyze
2026-01-18 03:12:00,289 [INFO] Incoming Request: GET /api/keys
2026-01-18 03:12:00,297 [INFO] Response Status: 200
2026-01-18 03:12:00,306 [INFO] Incoming Request: GET /api/keys
2026-01-18 03:12:00,315 [INFO] Response Status: 200
2026-01-18 03:12:05,504 [INFO] Incoming Request: POST /api/analyze
2026-01-18 03:17:26,881 [INFO] Response Status: 200
2026-01-18 03:31:54,290 [INFO] Incoming Request: GET /api/keys
2026-01-18 03:31:54,293 [INFO] Response Status: 200
2026-01-18 03:31:54,301 [INFO] Incoming Request: GET /api/keys
2026-01-18 03:31:54,302 [INFO] Response Status: 200
2026-01-18 03:32:01,181 [INFO] Incoming Request: POST /api/analyze
2026-01-18 03:36:52,285 [INFO] HTTP Request: POST http://127.0.0.1:11434/api/chat "HTTP/1.1 200 OK"
2026-01-18 03:43:33,163 [INFO] HTTP Request: POST http://127.0.0.1:11434/api/chat "HTTP/1.1 200 OK"
2026-01-18 03:48:50,682 [INFO] HTTP Request: POST http://127.0.0.1:11434/api/chat "HTTP/1.1 200 OK"
2026-01-18 03:48:50,954 [INFO] Response Status: 500
2026-01-18 12:22:46,935 [INFO] Incoming Request: GET /api/keys
2026-01-18 12:22:46,961 [INFO] Response Status: 200
2026-01-18 12:22:47,117 [INFO] Incoming Request: GET /api/keys
2026-01-18 12:22:47,157 [INFO] Response Status: 200
2026-01-18 17:19:51,374 [INFO] Incoming Request: GET /api/keys
2026-01-18 17:19:51,412 [INFO] Response Status: 200
2026-01-18 17:19:51,690 [INFO] Incoming Request: GET /api/keys
2026-01-18 17:19:51,692 [INFO] Response Status: 200
2026-01-18 17:21:31,941 [INFO] Incoming Request: POST /api/analyze
2026-01-18 17:28:23,915 [INFO] HTTP Request: POST http://127.0.0.1:11434/api/chat "HTTP/1.1 200 OK"
2026-01-18 17:32:23,270 [INFO] HTTP Request: POST http://127.0.0.1:11434/api/chat "HTTP/1.1 200 OK"
2026-01-18 17:35:14,322 [INFO] HTTP Request: POST http://127.0.0.1:11434/api/chat "HTTP/1.1 200 OK"
2026-01-18 17:35:40,828 [INFO] HTTP Request: POST http://127.0.0.1:11434/api/chat "HTTP/1.1 200 OK"
2026-01-18 17:36:20,735 [INFO] HTTP Request: POST http://127.0.0.1:11434/api/chat "HTTP/1.1 200 OK"
2026-01-18 17:37:08,582 [INFO] Response Status: 200
2026-01-18 18:26:10,533 [INFO] Incoming Request: GET /api/keys
2026-01-18 18:26:10,538 [INFO] Response Status: 200
2026-01-18 18:26:10,547 [INFO] Incoming Request: GET /api/keys
2026-01-18 18:26:10,548 [INFO] Response Status: 200
2026-01-18 18:26:14,795 [INFO] Incoming Request: POST /api/analyze
2026-01-18 18:32:34,102 [INFO] HTTP Request: POST http://127.0.0.1:11434/api/chat "HTTP/1.1 200 OK"
2026-01-18 18:37:00,154 [INFO] HTTP Request: POST http://127.0.0.1:11434/api/chat "HTTP/1.1 200 OK"
2026-01-18 18:39:08,476 [INFO] Incoming Request: GET /api/keys
2026-01-18 18:39:08,483 [INFO] Response Status: 200
2026-01-18 18:39:08,494 [INFO] Incoming Request: GET /api/keys
2026-01-18 18:39:08,508 [INFO] Response Status: 200
2026-01-18 18:39:13,820 [INFO] Incoming Request: POST /api/analyze
2026-01-18 18:40:26,733 [INFO] HTTP Request: POST http://127.0.0.1:11434/api/chat "HTTP/1.1 200 OK"
2026-01-18 18:40:49,159 [INFO] HTTP Request: POST http://127.0.0.1:11434/api/chat "HTTP/1.1 200 OK"
2026-01-18 18:41:16,084 [INFO] HTTP Request: POST http://127.0.0.1:11434/api/chat "HTTP/1.1 200 OK"
2026-01-18 18:42:01,183 [INFO] Response Status: 200
2026-01-18 19:37:31,373 [INFO] Incoming Request: GET /api/keys
2026-01-18 19:37:31,400 [INFO] Response Status: 200
2026-01-18 19:37:31,411 [INFO] Incoming Request: GET /api/keys
2026-01-18 19:37:31,417 [INFO] Response Status: 200
2026-01-18 19:37:35,977 [INFO] Incoming Request: POST /api/analyze
2026-01-18 19:39:01,789 [INFO] HTTP Request: POST http://127.0.0.1:11434/api/chat "HTTP/1.1 200 OK"
2026-01-18 19:39:14,768 [INFO] HTTP Request: POST http://127.0.0.1:11434/api/chat "HTTP/1.1 200 OK"
2026-01-18 19:39:41,383 [INFO] HTTP Request: POST http://127.0.0.1:11434/api/chat "HTTP/1.1 200 OK"
2026-01-18 19:40:25,053 [INFO] Response Status: 200
2026-01-18 19:55:14,263 [INFO] Incoming Request: GET /api/keys
2026-01-18 19:55:14,273 [INFO] Response Status: 200
2026-01-18 19:55:14,281 [INFO] Incoming Request: GET /api/keys
2026-01-18 19:55:14,284 [INFO] Response Status: 200
2026-01-18 19:55:19,726 [INFO] Incoming Request: POST /api/analyze
2026-01-18 19:56:35,294 [INFO] HTTP Request: POST http://127.0.0.1:11434/api/chat "HTTP/1.1 200 OK"
2026-01-18 19:57:49,715 [INFO] HTTP Request: POST http://127.0.0.1:11434/api/chat "HTTP/1.1 200 OK"
2026-01-18 19:59:06,046 [INFO] HTTP Request: POST http://127.0.0.1:11434/api/chat "HTTP/1.1 200 OK"
2026-01-18 20:00:55,487 [INFO] HTTP Request: POST http://127.0.0.1:11434/api/chat "HTTP/1.1 200 OK"
2026-01-18 20:02:42,256 [INFO] HTTP Request: POST http://127.0.0.1:11434/api/chat "HTTP/1.1 200 OK"
2026-01-18 20:02:59,827 [INFO] HTTP Request: POST http://127.0.0.1:11434/api/chat "HTTP/1.1 200 OK"
2026-01-18 20:03:52,029 [INFO] HTTP Request: POST http://127.0.0.1:11434/api/chat "HTTP/1.1 200 OK"
2026-01-18 20:04:55,950 [INFO] Response Status: 200
2026-01-18 20:07:49,125 [INFO] Incoming Request: GET /api/keys
2026-01-18 20:07:49,137 [INFO] Response Status: 200
2026-01-18 20:07:49,150 [INFO] Incoming Request: GET /api/keys
2026-01-18 20:07:49,156 [INFO] Response Status: 200
2026-01-18 20:08:26,409 [INFO] Incoming Request: POST /api/analyze
2026-01-18 20:09:38,733 [INFO] HTTP Request: POST http://127.0.0.1:11434/api/chat "HTTP/1.1 200 OK"
2026-01-18 20:12:01,276 [INFO] HTTP Request: POST http://127.0.0.1:11434/api/chat "HTTP/1.1 200 OK"
2026-01-18 20:14:04,441 [INFO] HTTP Request: POST http://127.0.0.1:11434/api/chat "HTTP/1.1 200 OK"
2026-01-18 20:14:51,716 [INFO] HTTP Request: POST http://127.0.0.1:11434/api/chat "HTTP/1.1 200 OK"
2026-01-18 20:17:00,388 [INFO] HTTP Request: POST http://127.0.0.1:11434/api/chat "HTTP/1.1 200 OK"
2026-01-18 20:17:26,718 [INFO] HTTP Request: POST http://127.0.0.1:11434/api/chat "HTTP/1.1 200 OK"
2026-01-18 20:18:16,767 [INFO] HTTP Request: POST http://127.0.0.1:11434/api/chat "HTTP/1.1 200 OK"
2026-01-18 20:19:06,588 [INFO] Response Status: 200
2026-01-18 22:31:12,271 [INFO] Incoming Request: GET /api/keys
2026-01-18 22:31:12,296 [INFO] Response Status: 200
2026-01-18 22:31:12,361 [INFO] Incoming Request: GET /api/keys
2026-01-18 22:31:12,364 [INFO] Response Status: 200
2026-01-18 22:31:17,816 [INFO] Incoming Request: POST /api/analyze
2026-01-18 22:33:31,688 [INFO] Response Status: 200
2026-01-18 22:39:18,474 [INFO] Incoming Request: GET /api/keys
2026-01-18 22:39:18,493 [INFO] Response Status: 200
2026-01-18 22:39:18,510 [INFO] Incoming Request: GET /api/keys
2026-01-18 22:39:18,517 [INFO] Response Status: 200
2026-01-18 22:39:23,510 [INFO] Incoming Request: POST /api/analyze
2026-01-18 22:42:41,373 [INFO] Incoming Request: POST /api/analyze
2026-01-18 22:42:41,381 [INFO] Response Status: 404
2026-01-19 00:41:03,236 [INFO] Incoming Request: POST /api/analyze
2026-01-19 00:41:03,238 [INFO] Response Status: 404
2026-01-19 02:11:18,883 [INFO] Incoming Request: POST /api/analyze
2026-01-19 02:11:21,317 [INFO] response: https://en.wikipedia.org/w/api.php?action=opensearch&profile=fuzzy&limit=1&search=%22%D0%9F%D0%B0%D0%B2%D0%B5%D0%BB%20%D0%A1%D1%82%D0%BE%D0%BB%D0%B1%D0%BE%D0%B2%D1%81%D0%BA%D0%B8%D0%B9%22%20%22%D0%91%D0%B0%D1%80%D0%BD%D0%B0%D1%83%D0%BB%22 200
2026-01-19 02:11:21,452 [INFO] response: https://grokipedia.com/api/typeahead?query=%22%D0%9F%D0%B0%D0%B2%D0%B5%D0%BB+%D0%A1%D1%82%D0%BE%D0%BB%D0%B1%D0%BE%D0%B2%D1%81%D0%BA%D0%B8%D0%B9%22+%22%D0%91%D0%B0%D1%80%D0%BD%D0%B0%D1%83%D0%BB%22&limit=1 200
2026-01-19 02:11:22,837 [INFO] response: https://yandex.com/search/site/?text=%22%D0%9F%D0%B0%D0%B2%D0%B5%D0%BB+%D0%A1%D1%82%D0%BE%D0%BB%D0%B1%D0%BE%D0%B2%D1%81%D0%BA%D0%B8%D0%B9%22+%22%D0%91%D0%B0%D1%80%D0%BD%D0%B0%D1%83%D0%BB%22&web=1&searchid=8447584 200
2026-01-19 02:13:52,137 [INFO] response: https://en.wikipedia.org/w/api.php?action=opensearch&profile=fuzzy&limit=1&search=%22%2B79646032895%22 200
2026-01-19 02:13:52,498 [INFO] response: https://grokipedia.com/api/typeahead?query=%22%2B79646032895%22&limit=1 200
2026-01-19 02:13:53,266 [INFO] response: https://search.yahoo.com/search;_ylt=EiAYmfbNPrModgoFWh0YD1th;_ylu=aVBuF11XMeVs2yu9c-iDYOgQlTnTDz31js-onjdZ8HiwWck?p=%22%2B79646032895%22 200
2026-01-19 02:13:54,454 [INFO] response: https://search.brave.com/search?q=%22%2B79646032895%22&source=web 200
2026-01-19 02:15:31,571 [INFO] HTTP Request: POST http://127.0.0.1:11434/api/chat "HTTP/1.1 200 OK"
2026-01-19 02:15:40,383 [INFO] response: https://en.wikipedia.org/w/api.php?action=opensearch&profile=fuzzy&limit=1&search=%22Pavel%20Stolbovsky%22%20email 200
2026-01-19 02:15:40,569 [INFO] response: https://grokipedia.com/api/typeahead?query=%22Pavel+Stolbovsky%22+email&limit=1 200
2026-01-19 02:15:41,386 [INFO] HTTP Request: POST https://html.duckduckgo.com/html/ "HTTP/2 200 OK"
2026-01-19 02:15:41,687 [INFO] response: https://www.google.com/search?q=%22Pavel+Stolbovsky%22+email&filter=1&start=0&hl=en-US&lr=lang_en&cr=countryUS 200
2026-01-19 02:17:28,757 [INFO] response: https://en.wikipedia.org/w/api.php?action=opensearch&profile=fuzzy&limit=1&search=%22Pavel%20Stolbovsky%22%20phone%20number 200
2026-01-19 02:17:29,156 [INFO] response: https://grokipedia.com/api/typeahead?query=%22Pavel+Stolbovsky%22+phone+number&limit=1 200
2026-01-19 02:17:30,131 [INFO] response: https://search.brave.com/search?q=%22Pavel+Stolbovsky%22+phone+number&source=web 200
2026-01-19 02:19:05,237 [INFO] response: https://en.wikipedia.org/w/api.php?action=opensearch&profile=fuzzy&limit=1&search=%22Solomoon83%22%20Skype 200
2026-01-19 02:19:05,468 [INFO] response: https://grokipedia.com/api/typeahead?query=%22Solomoon83%22+Skype&limit=1 200
2026-01-19 02:19:06,823 [INFO] response: https://yandex.com/search/site/?text=%22Solomoon83%22+Skype&web=1&searchid=1699021 200
2026-01-19 02:21:13,343 [INFO] response: https://en.wikipedia.org/w/api.php?action=opensearch&profile=fuzzy&limit=1&search=Psychological%20consulting%20Russia 200
2026-01-19 02:21:13,673 [INFO] response: https://grokipedia.com/api/typeahead?query=Psychological+consulting+Russia&limit=1 200
2026-01-19 02:21:13,973 [INFO] response: https://www.google.com/search?q=Psychological+consulting+Russia&filter=1&start=0&hl=en-US&lr=lang_en&cr=countryUS 200
2026-01-19 02:23:09,743 [INFO] response: https://en.wikipedia.org/w/api.php?action=opensearch&profile=fuzzy&limit=1&search=Pavlov%20therapy%20Baranul 200
2026-01-19 02:23:10,014 [INFO] response: https://grokipedia.com/api/typeahead?query=Pavlov+therapy+Baranul&limit=1 200
2026-01-19 02:23:11,150 [INFO] response: https://search.brave.com/search?q=Pavlov+therapy+Baranul&source=web 200
2026-01-19 02:24:48,360 [INFO] HTTP Request: POST http://127.0.0.1:11434/api/chat "HTTP/1.1 200 OK"
2026-01-19 02:24:58,131 [INFO] response: https://en.wikipedia.org/w/api.php?action=opensearch&profile=fuzzy&limit=1&search=%22Pavel%20Stolbovsky%22%20LinkedIn 200
2026-01-19 02:24:58,367 [INFO] response: https://grokipedia.com/api/typeahead?query=%22Pavel+Stolbovsky%22+LinkedIn&limit=1 200
2026-01-19 02:24:59,347 [INFO] response: https://search.brave.com/search?q=%22Pavel+Stolbovsky%22+LinkedIn&source=web 200
2026-01-19 02:26:39,492 [INFO] response: https://en.wikipedia.org/w/api.php?action=opensearch&profile=fuzzy&limit=1&search=%22Pavel%20Stolbovsky%22%20current%20occupation 200
2026-01-19 02:26:39,748 [INFO] response: https://grokipedia.com/api/typeahead?query=%22Pavel+Stolbovsky%22+current+occupation&limit=1 200
2026-01-19 02:26:40,506 [INFO] response: https://search.yahoo.com/search;_ylt=f37oqVbyv6kzzrQIk05Xy-4U;_ylu=VhUbczxlgVTpEDn84Y85nanfggc53Bw0yVnIAbRqFEVapgM?p=%22Pavel+Stolbovsky%22+current+occupation 200
2026-01-19 02:26:42,600 [INFO] response: https://www.mojeek.com/search?q=%22Pavel+Stolbovsky%22+current+occupation 200
2026-01-19 02:26:44,129 [INFO] response: https://yandex.com/search/site/?text=%22Pavel+Stolbovsky%22+current+occupation&web=1&searchid=8598385 200
2026-01-19 02:28:38,990 [INFO] response: https://en.wikipedia.org/w/api.php?action=opensearch&profile=fuzzy&limit=1&search=Email%20address%20Pavel%20Stolbovsky 200
2026-01-19 02:28:39,002 [INFO] response: https://grokipedia.com/api/typeahead?query=Email+address+Pavel+Stolbovsky&limit=1 200
2026-01-19 02:28:39,722 [INFO] response: https://search.yahoo.com/search;_ylt=HSXS0kRnQUSs8VDa7BsjQUWE;_ylu=Rq5JcyXGYrqoL6DyqMqQOqHrys_Ctdhy7bqn5l4h2snNF64?p=Email+address+Pavel+Stolbovsky 200
2026-01-19 02:28:40,377 [INFO] response: https://www.google.com/search?q=Email+address+Pavel+Stolbovsky&filter=1&start=0&hl=en-US&lr=lang_en&cr=countryUS 200
2026-01-19 02:29:39,361 [INFO] response: https://en.wikipedia.org/w/api.php?action=opensearch&profile=fuzzy&limit=1&search=Pavel%20Stolbovsky%27s%20Email 200
2026-01-19 02:29:39,786 [INFO] response: https://grokipedia.com/api/typeahead?query=Pavel+Stolbovsky%27s+Email&limit=1 200
2026-01-19 02:29:41,090 [INFO] response: https://yandex.com/search/site/?text=Pavel+Stolbovsky%27s+Email&web=1&searchid=6236990 200
2026-01-19 02:31:51,490 [INFO] response: https://en.wikipedia.org/w/api.php?action=opensearch&profile=fuzzy&limit=1&search=Phone%20number%20Pavlovskiy%20Pavlo 200
2026-01-19 02:31:51,906 [INFO] response: https://grokipedia.com/api/typeahead?query=Phone+number+Pavlovskiy+Pavlo&limit=1 200
2026-01-19 02:31:53,026 [INFO] response: https://search.brave.com/search?q=Phone+number+Pavlovskiy+Pavlo&source=web 200
2026-01-19 02:33:32,907 [INFO] HTTP Request: POST http://127.0.0.1:11434/api/chat "HTTP/1.1 200 OK"
2026-01-19 02:33:36,966 [INFO] HTTP Request: POST http://127.0.0.1:11434/api/chat "HTTP/1.1 200 OK"
2026-01-19 02:34:03,849 [INFO] Response Status: 200
2026-01-19 02:46:34,825 [INFO] Incoming Request: POST /api/analyze
2026-01-19 02:46:34,831 [INFO] --- STARTING ANALYSIS FOR: Павел Столбовский ---
2026-01-19 02:46:38,106 [INFO] response: https://grokipedia.com/api/typeahead?query=%22%D0%9F%D0%B0%D0%B2%D0%B5%D0%BB+%D0%A1%D1%82%D0%BE%D0%BB%D0%B1%D0%BE%D0%B2%D1%81%D0%BA%D0%B8%D0%B9%22+%22%D0%91%D0%B0%D1%80%D0%BD%D0%B0%D1%83%D0%BB%22&limit=1 200
2026-01-19 02:46:38,138 [INFO] response: https://en.wikipedia.org/w/api.php?action=opensearch&profile=fuzzy&limit=1&search=%22%D0%9F%D0%B0%D0%B2%D0%B5%D0%BB%20%D0%A1%D1%82%D0%BE%D0%BB%D0%B1%D0%BE%D0%B2%D1%81%D0%BA%D0%B8%D0%B9%22%20%22%D0%91%D0%B0%D1%80%D0%BD%D0%B0%D1%83%D0%BB%22 200
2026-01-19 02:46:38,422 [INFO] response: https://www.google.com/search?q=%22%D0%9F%D0%B0%D0%B2%D0%B5%D0%BB+%D0%A1%D1%82%D0%BE%D0%BB%D0%B1%D0%BE%D0%B2%D1%81%D0%BA%D0%B8%D0%B9%22+%22%D0%91%D0%B0%D1%80%D0%BD%D0%B0%D1%83%D0%BB%22&filter=1&start=0&hl=en-US&lr=lang_en&cr=countryUS 200
2026-01-19 02:46:39,643 [INFO] HTTP Request: POST https://html.duckduckgo.com/html/ "HTTP/2 200 OK"
2026-01-19 02:46:40,667 [INFO] response: https://search.brave.com/search?q=%22%D0%9F%D0%B0%D0%B2%D0%B5%D0%BB+%D0%A1%D1%82%D0%BE%D0%BB%D0%B1%D0%BE%D0%B2%D1%81%D0%BA%D0%B8%D0%B9%22+%22%D0%91%D0%B0%D1%80%D0%BD%D0%B0%D1%83%D0%BB%22&source=web 200
2026-01-19 02:48:55,485 [INFO] response: https://en.wikipedia.org/w/api.php?action=opensearch&profile=fuzzy&limit=1&search=%22%2B79646032895%22 200
2026-01-19 02:48:56,345 [INFO] response: https://grokipedia.com/api/typeahead?query=%22%2B79646032895%22&limit=1 200
2026-01-19 02:48:57,648 [INFO] response: https://yandex.com/search/site/?text=%22%2B79646032895%22&web=1&searchid=3066491 200
2026-01-19 02:51:17,830 [INFO] HTTP Request: POST http://127.0.0.1:11434/api/chat "HTTP/1.1 200 OK"
2026-01-19 02:51:29,070 [INFO] response: https://en.wikipedia.org/w/api.php?action=opensearch&profile=fuzzy&limit=1&search=Pavel%20Stolbovsky%20email 200
2026-01-19 02:51:29,325 [INFO] response: https://grokipedia.com/api/typeahead?query=Pavel+Stolbovsky+email&limit=1 200
2026-01-19 02:51:29,589 [INFO] response: https://www.google.com/search?q=Pavel+Stolbovsky+email&filter=1&start=0&hl=en-US&lr=lang_en&cr=countryUS 200
2026-01-19 02:53:24,755 [INFO] response: https://en.wikipedia.org/w/api.php?action=opensearch&profile=fuzzy&limit=1&search=pavestolbovskiy.com 200
2026-01-19 02:53:25,033 [INFO] response: https://grokipedia.com/api/typeahead?query=pavestolbovskiy.com&limit=1 200
2026-01-19 02:53:25,868 [INFO] HTTP Request: POST https://html.duckduckgo.com/html/ "HTTP/2 200 OK"
2026-01-19 02:55:08,898 [INFO] response: https://en.wikipedia.org/w/api.php?action=opensearch&profile=fuzzy&limit=1&search=%2B79646032895%20phone%20number%20owner 200
2026-01-19 02:55:09,152 [INFO] response: https://grokipedia.com/api/typeahead?query=%2B79646032895+phone+number+owner&limit=1 200
2026-01-19 02:55:10,392 [INFO] response: https://yandex.com/search/site/?text=%2B79646032895+phone+number+owner&web=1&searchid=3740376 200
2026-01-19 02:55:11,303 [INFO] response: https://search.yahoo.com/search;_ylt=LlKoJj8vemE2hii3RRYxcwz3;_ylu=MBO0amqczIKUJxH6g4FX4hybvG8wQXKeAzKrPB_UZLzkMm0?p=%2B79646032895+phone+number+owner 200
2026-01-19 02:55:11,987 [INFO] response: https://www.google.com/search?q=%2B79646032895+phone+number+owner&filter=1&start=0&hl=en-US&lr=lang_en&cr=countryUS 200
2026-01-19 02:55:13,369 [INFO] response: https://search.brave.com/search?q=%2B79646032895+phone+number+owner&source=web 200
2026-01-19 02:56:53,849 [INFO] response: https://grokipedia.com/api/typeahead?query=%28964%29+603-2895+contact+details&limit=1 200
2026-01-19 02:56:53,903 [INFO] response: https://en.wikipedia.org/w/api.php?action=opensearch&profile=fuzzy&limit=1&search=%28964%29%20603-2895%20contact%20details 200
2026-01-19 02:56:54,866 [INFO] HTTP Request: POST https://html.duckduckgo.com/html/ "HTTP/2 200 OK"
2026-01-19 02:58:43,767 [INFO] response: https://en.wikipedia.org/w/api.php?action=opensearch&profile=fuzzy&limit=1&search=%2B7%20%28964%29%20603-XX-XX%20region%20and%20operator 200
2026-01-19 02:58:44,138 [INFO] response: https://grokipedia.com/api/typeahead?query=%2B7+%28964%29+603-XX-XX+region+and+operator&limit=1 200
2026-01-19 02:58:45,470 [INFO] response: https://yandex.com/search/site/?text=%2B7+%28964%29+603-XX-XX+region+and+operator&web=1&searchid=2808624 200
2026-01-19 03:00:59,456 [INFO] HTTP Request: POST http://127.0.0.1:11434/api/chat "HTTP/1.1 200 OK"
2026-01-19 03:01:08,579 [INFO] response: https://en.wikipedia.org/w/api.php?action=opensearch&profile=fuzzy&limit=1&search=Pavel%20Stolbovsky%20job%20title 200
2026-01-19 03:01:08,931 [INFO] response: https://grokipedia.com/api/typeahead?query=Pavel+Stolbovsky+job+title&limit=1 200
2026-01-19 03:01:10,042 [INFO] response: https://search.brave.com/search?q=Pavel+Stolbovsky+job+title&source=web 200
2026-01-19 03:02:43,028 [INFO] response: https://en.wikipedia.org/w/api.php?action=opensearch&profile=fuzzy&limit=1&search=Stolbovsky%20Pavel%20occupation 200
2026-01-19 03:02:43,364 [INFO] response: https://grokipedia.com/api/typeahead?query=Stolbovsky+Pavel+occupation&limit=1 200
2026-01-19 03:02:44,119 [INFO] response: https://search.yahoo.com/search;_ylt=slPZCwS_2TLgbjn28Tpybm79;_ylu=z1eoij_bHNisE6NdHAUjkYnonLRUv7gVDSAILAM5MAjlUcE?p=Stolbovsky+Pavel+occupation 200
2026-01-19 03:02:44,972 [INFO] response: https://www.google.com/search?q=Stolbovsky+Pavel+occupation&filter=1&start=0&hl=en-US&lr=lang_en&cr=countryUS 200
2026-01-19 03:04:18,378 [INFO] response: https://en.wikipedia.org/w/api.php?action=opensearch&profile=fuzzy&limit=1&search=Stolbovsky%20profile%20FL.RU 200
2026-01-19 03:04:18,629 [INFO] response: https://grokipedia.com/api/typeahead?query=Stolbovsky+profile+FL.RU&limit=1 200
2026-01-19 03:04:20,607 [INFO] response: https://www.mojeek.com/search?q=Stolbovsky+profile+FL.RU 200
2026-01-19 03:04:21,745 [INFO] response: https://search.brave.com/search?q=Stolbovsky+profile+FL.RU&source=web 200
2026-01-19 03:06:08,601 [INFO] response: https://en.wikipedia.org/w/api.php?action=opensearch&profile=fuzzy&limit=1&search=Pavel%20Stolbovsky%20YouTube%20account 200
2026-01-19 03:06:08,606 [INFO] response: https://grokipedia.com/api/typeahead?query=Pavel+Stolbovsky+YouTube+account&limit=1 200
2026-01-19 03:06:09,676 [INFO] HTTP Request: POST https://html.duckduckgo.com/html/ "HTTP/2 200 OK"
2026-01-19 03:07:42,003 [INFO] response: https://en.wikipedia.org/w/api.php?action=opensearch&profile=fuzzy&limit=1&search=who%20called%20from%20%2B79646032895 200
2026-01-19 03:07:42,272 [INFO] response: https://grokipedia.com/api/typeahead?query=who+called+from+%2B79646032895&limit=1 200
2026-01-19 03:07:43,292 [INFO] response: https://search.brave.com/search?q=who+called+from+%2B79646032895&source=web 200
2026-01-19 03:09:03,571 [INFO] HTTP Request: POST http://127.0.0.1:11434/api/chat "HTTP/1.1 200 OK"
2026-01-19 03:09:20,250 [INFO] Response Status: 500
2026-01-19 13:49:56,931 [INFO] Incoming Request: POST /api/analyze
2026-01-19 13:49:56,944 [INFO] --- STARTING ANALYSIS FOR: Павел Столбовский ---
2026-01-19 13:50:00,403 [INFO] response: https://grokipedia.com/api/typeahead?query=%22%D0%9F%D0%B0%D0%B2%D0%B5%D0%BB+%D0%A1%D1%82%D0%BE%D0%BB%D0%B1%D0%BE%D0%B2%D1%81%D0%BA%D0%B8%D0%B9%22+%22%D0%91%D0%B0%D1%80%D0%BD%D0%B0%D1%83%D0%BB%22&limit=1 200
2026-01-19 13:50:04,099 [INFO] Error in engine duckduckgo: TimeoutException("Request timed out: RuntimeError('error sending request for url (https://en.wikipedia.org/w/api.php?action=opensearch&profile=fuzzy&limit=1&search=%22%D0%9F%D0%B0%D0%B2%D0%B5%D0%BB%20%D0%A1%D1%82%D0%BE%D0%BB%D0%B1%D0%BE%D0%B2%D1%81%D0%BA%D0%B8%D0%B9%22%20%22%D0%91%D0%B0%D1%80%D0%BD%D0%B0%D1%83%D0%BB%22): operation timed out\\n\\nCaused by:\\n    operation timed out')")
2026-01-19 13:50:05,140 [INFO] HTTP Request: POST https://html.duckduckgo.com/html/ "HTTP/2 200 OK"
2026-01-19 13:50:09,121 [INFO] Error in engine brave: TimeoutException("Request timed out: RuntimeError('error sending request for url (https://search.yahoo.com/search;_ylt=ZqPfG8YVMG67d95R1aDNNV_P;_ylu=k9OTWFzxx4Y3G-1d1fAaqkjq1_fnybmGQsp0yBU2L05J6bg?p=%22%D0%9F%D0%B0%D0%B2%D0%B5%D0%BB+%D0%A1%D1%82%D0%BE%D0%BB%D0%B1%D0%BE%D0%B2%D1%81%D0%BA%D0%B8%D0%B9%22+%22%D0%91%D0%B0%D1%80%D0%BD%D0%B0%D1%83%D0%BB%22): operation timed out\\n\\nCaused by:\\n    operation timed out')")
2026-01-19 13:50:10,225 [INFO] response: https://search.brave.com/search?q=%22%D0%9F%D0%B0%D0%B2%D0%B5%D0%BB+%D0%A1%D1%82%D0%BE%D0%BB%D0%B1%D0%BE%D0%B2%D1%81%D0%BA%D0%B8%D0%B9%22+%22%D0%91%D0%B0%D1%80%D0%BD%D0%B0%D1%83%D0%BB%22&source=web 200
2026-01-19 13:50:11,078 [INFO] response: https://yandex.com/search/site/?text=%22%D0%9F%D0%B0%D0%B2%D0%B5%D0%BB+%D0%A1%D1%82%D0%BE%D0%BB%D0%B1%D0%BE%D0%B2%D1%81%D0%BA%D0%B8%D0%B9%22+%22%D0%91%D0%B0%D1%80%D0%BD%D0%B0%D1%83%D0%BB%22&web=1&searchid=6288175 200
2026-01-19 13:52:46,771 [INFO] response: https://grokipedia.com/api/typeahead?query=%22%2B79646032895%22&limit=1 200
2026-01-19 13:52:50,059 [INFO] Error in engine google: TimeoutException("Request timed out: RuntimeError('error sending request for url (https://en.wikipedia.org/w/api.php?action=opensearch&profile=fuzzy&limit=1&search=%22%2B79646032895%22): operation timed out\\n\\nCaused by:\\n    operation timed out')")
2026-01-19 13:52:50,353 [INFO] response: https://www.google.com/search?q=%22%2B79646032895%22&filter=1&start=0&hl=en-US&lr=lang_en&cr=countryUS 200
2026-01-19 13:52:51,000 [INFO] response: https://search.brave.com/search?q=%22%2B79646032895%22&source=web 200
2026-01-19 13:55:01,417 [INFO] HTTP Request: POST http://127.0.0.1:11434/api/chat "HTTP/1.1 200 OK"
2026-01-19 13:55:10,940 [INFO] response: https://grokipedia.com/api/typeahead?query=Pavel+email&limit=1 200
2026-01-19 13:55:14,634 [INFO] Error in engine brave: TimeoutException("Request timed out: RuntimeError('error sending request for url (https://en.wikipedia.org/w/api.php?action=opensearch&profile=fuzzy&limit=1&search=Pavel%20email): operation timed out\\n\\nCaused by:\\n    operation timed out')")
2026-01-19 13:55:15,702 [INFO] response: https://search.brave.com/search?q=Pavel+email&source=web 200
2026-01-19 13:56:59,208 [INFO] response: https://grokipedia.com/api/typeahead?query=Pavel+Stolbovsky+phone+number&limit=1 200
2026-01-19 13:57:02,658 [INFO] Error in engine yahoo: TimeoutException("Request timed out: RuntimeError('error sending request for url (https://en.wikipedia.org/w/api.php?action=opensearch&profile=fuzzy&limit=1&search=Pavel%20Stolbovsky%20phone%20number): operation timed out\\n\\nCaused by:\\n    operation timed out')")
2026-01-19 13:57:03,101 [INFO] response: https://www.google.com/search?q=Pavel+Stolbovsky+phone+number&filter=1&start=0&hl=en-US&lr=lang_en&cr=countryUS 200
2026-01-19 14:00:38,724 [INFO] Error in engine brave: TimeoutException("Request timed out: RuntimeError('error sending request for url (https://grokipedia.com/api/typeahead?query=ID%3A999677&limit=1): operation timed out\\n\\nCaused by:\\n    operation timed out')")
2026-01-19 14:00:38,724 [INFO] Error in engine brave: TimeoutException("Request timed out: RuntimeError('error sending request for url (https://en.wikipedia.org/w/api.php?action=opensearch&profile=fuzzy&limit=1&search=ID%3A999677): operation timed out\\n\\nCaused by:\\n    operation timed out')")
2026-01-19 14:00:39,826 [INFO] response: https://search.brave.com/search?q=ID%3A999677&source=web 200
2026-01-19 14:00:40,664 [INFO] response: https://yandex.com/search/site/?text=ID%3A999677&web=1&searchid=4471009 200
2026-01-19 14:02:46,045 [INFO] response: https://grokipedia.com/api/typeahead?query=FL.RU+profile+with+username+Pavel+Stolbovsky&limit=1 200
2026-01-19 14:02:46,245 [INFO] response: https://en.wikipedia.org/w/api.php?action=opensearch&profile=fuzzy&limit=1&search=FL.RU%20profile%20with%20username%20Pavel%20Stolbovsky 200
2026-01-19 14:02:48,621 [INFO] response: https://www.mojeek.com/search?q=FL.RU+profile+with+username+Pavel+Stolbovsky 200
2026-01-19 14:02:49,772 [INFO] response: https://search.brave.com/search?q=FL.RU+profile+with+username+Pavel+Stolbovsky&source=web 200
2026-01-19 14:04:31,590 [INFO] response: https://en.wikipedia.org/w/api.php?action=opensearch&profile=fuzzy&limit=1&search=Freelancer%20Pavel%20Stolbovsky%20occupation 200
2026-01-19 14:04:32,838 [INFO] response: https://grokipedia.com/api/typeahead?query=Freelancer+Pavel+Stolbovsky+occupation&limit=1 200
2026-01-19 14:04:33,605 [INFO] response: https://search.yahoo.com/search;_ylt=9xrfQvKZmfrzYH9HnpdDWxvo;_ylu=Saf7vO3aMQxceFnK4roZkLRMcaq7iEQhcX-boUX0-5t5e7c?p=Freelancer+Pavel+Stolbovsky+occupation 200
2026-01-19 14:04:35,108 [INFO] response: https://search.brave.com/search?q=Freelancer+Pavel+Stolbovsky+occupation&source=web 200
2026-01-19 14:06:24,737 [INFO] HTTP Request: POST http://127.0.0.1:11434/api/chat "HTTP/1.1 200 OK"
2026-01-19 14:06:33,345 [INFO] response: https://en.wikipedia.org/w/api.php?action=opensearch&profile=fuzzy&limit=1&search=Russian%20freelancer%20in%20Barnaul 200
2026-01-19 14:06:33,988 [INFO] response: https://grokipedia.com/api/typeahead?query=Russian+freelancer+in+Barnaul&limit=1 200
2026-01-19 14:06:36,174 [INFO] response: https://www.mojeek.com/search?q=Russian+freelancer+in+Barnaul 200
2026-01-19 14:08:34,031 [INFO] response: https://en.wikipedia.org/w/api.php?action=opensearch&profile=fuzzy&limit=1&search=Male%20freelancer%20over%2014%20years%20on%20FL.ru 200
2026-01-19 14:08:34,048 [INFO] response: https://grokipedia.com/api/typeahead?query=Male+freelancer+over+14+years+on+FL.ru&limit=1 200
2026-01-19 14:08:35,881 [INFO] response: https://search.yahoo.com/search;_ylt=Fr_3I6q8GyNZieQFBE_5GARU;_ylu=QTcot1CJxXueH1xWNPdYigqLoGbiaoc0D2v6lr9_xYxRxUc?p=Male+freelancer+over+14+years+on+FL.ru 200
2026-01-19 14:08:38,563 [INFO] response: https://www.mojeek.com/search?q=Male+freelancer+over+14+years+on+FL.ru 200
2026-01-19 14:10:51,939 [INFO] response: https://en.wikipedia.org/w/api.php?action=opensearch&profile=fuzzy&limit=1&search=Pavel%20Stolbovsky%20email 200
2026-01-19 14:10:52,473 [INFO] response: https://grokipedia.com/api/typeahead?query=Pavel+Stolbovsky+email&limit=1 200
2026-01-19 14:10:53,799 [INFO] HTTP Request: POST https://html.duckduckgo.com/html/ "HTTP/2 200 OK"
2026-01-19 14:12:35,979 [INFO] response: https://en.wikipedia.org/w/api.php?action=opensearch&profile=fuzzy&limit=1&search=Pavel%20Stolbovsky%20username%20FL.RU 200
2026-01-19 14:12:36,705 [INFO] response: https://grokipedia.com/api/typeahead?query=Pavel+Stolbovsky+username+FL.RU&limit=1 200
2026-01-19 14:12:37,667 [INFO] HTTP Request: POST https://html.duckduckgo.com/html/ "HTTP/2 200 OK"
2026-01-19 14:14:01,085 [INFO] response: https://en.wikipedia.org/w/api.php?action=opensearch&profile=fuzzy&limit=1&search=Pavel%20Stolbovsky%20occupation%20Freelancer 200
2026-01-19 14:14:01,357 [INFO] response: https://grokipedia.com/api/typeahead?query=Pavel+Stolbovsky+occupation+Freelancer&limit=1 200
2026-01-19 14:14:04,678 [INFO] response: https://www.mojeek.com/search?q=Pavel+Stolbovsky+occupation+Freelancer 200
2026-01-19 14:14:05,040 [INFO] response: https://www.google.com/search?q=Pavel+Stolbovsky+occupation+Freelancer&filter=1&start=0&hl=en-US&lr=lang_en&cr=countryUS 200
2026-01-19 14:14:06,165 [INFO] response: https://search.yahoo.com/search;_ylt=TJjzqxJ9Z4sgJJNImIHAXB_P;_ylu=m7bnHqZnBiytFvIVuskEUAD-4Gjdsdr1_qYnf7jsPXKx4fs?p=Pavel+Stolbovsky+occupation+Freelancer 200
2026-01-19 14:14:08,704 [INFO] response: https://yandex.com/search/site/?text=Pavel+Stolbovsky+occupation+Freelancer&web=1&searchid=8833928 200
2026-01-19 14:15:27,808 [INFO] HTTP Request: POST http://127.0.0.1:11434/api/chat "HTTP/1.1 200 OK"
2026-01-19 14:15:37,019 [INFO] HTTP Request: POST http://127.0.0.1:11434/api/chat "HTTP/1.1 200 OK"
2026-01-19 14:15:53,547 [INFO] Response Status: 200
2026-01-24 17:12:16,278 [INFO] Incoming Request: POST /api/analyze
2026-01-24 17:12:16,288 [INFO] --- STARTING ANALYSIS FOR: Павел Столбовский ---
2026-01-24 17:12:18,924 [INFO] response: https://en.wikipedia.org/w/api.php?action=opensearch&profile=fuzzy&limit=1&search=%22%D0%9F%D0%B0%D0%B2%D0%B5%D0%BB%20%D0%A1%D1%82%D0%BE%D0%BB%D0%B1%D0%BE%D0%B2%D1%81%D0%BA%D0%B8%D0%B9%22%20%22%D0%91%D0%B0%D1%80%D0%BD%D0%B0%D1%83%D0%BB%22 200
2026-01-24 17:12:19,744 [INFO] response: https://grokipedia.com/api/typeahead?query=%22%D0%9F%D0%B0%D0%B2%D0%B5%D0%BB+%D0%A1%D1%82%D0%BE%D0%BB%D0%B1%D0%BE%D0%B2%D1%81%D0%BA%D0%B8%D0%B9%22+%22%D0%91%D0%B0%D1%80%D0%BD%D0%B0%D1%83%D0%BB%22&limit=1 200
2026-01-24 17:12:21,194 [INFO] response: https://search.yahoo.com/search;_ylt=4dBsv7r7hjVZn4i9Bcn4chFU;_ylu=5QJUpyQcCwNn1CyqpKj7cFAlKXTCKuiedHdobV0sL_TA3uQ?p=%22%D0%9F%D0%B0%D0%B2%D0%B5%D0%BB+%D0%A1%D1%82%D0%BE%D0%BB%D0%B1%D0%BE%D0%B2%D1%81%D0%BA%D0%B8%D0%B9%22+%22%D0%91%D0%B0%D1%80%D0%BD%D0%B0%D1%83%D0%BB%22 200
2026-01-24 17:12:22,815 [INFO] response: https://www.mojeek.com/search?q=%22%D0%9F%D0%B0%D0%B2%D0%B5%D0%BB+%D0%A1%D1%82%D0%BE%D0%BB%D0%B1%D0%BE%D0%B2%D1%81%D0%BA%D0%B8%D0%B9%22+%22%D0%91%D0%B0%D1%80%D0%BD%D0%B0%D1%83%D0%BB%22 403
2026-01-24 17:12:23,904 [INFO] response: https://search.brave.com/search?q=%22%D0%9F%D0%B0%D0%B2%D0%B5%D0%BB+%D0%A1%D1%82%D0%BE%D0%BB%D0%B1%D0%BE%D0%B2%D1%81%D0%BA%D0%B8%D0%B9%22+%22%D0%91%D0%B0%D1%80%D0%BD%D0%B0%D1%83%D0%BB%22&source=web 200
2026-01-24 17:16:14,210 [INFO] response: https://en.wikipedia.org/w/api.php?action=opensearch&profile=fuzzy&limit=1&search=%22%40sol92%22%20profile 200
2026-01-24 17:16:14,787 [INFO] response: https://grokipedia.com/api/typeahead?query=%22%40sol92%22+profile&limit=1 200
2026-01-24 17:16:16,166 [INFO] response: https://www.mojeek.com/search?q=%22%40sol92%22+profile 403
2026-01-24 17:16:17,131 [INFO] response: https://search.brave.com/search?q=%22%40sol92%22+profile&source=web 200
2026-01-24 17:16:17,434 [INFO] response: https://www.google.com/search?q=%22%40sol92%22+profile&filter=1&start=0&hl=en-US&lr=lang_en&cr=countryUS 200
2026-01-24 17:16:19,485 [INFO] response: https://yandex.com/search/site/?text=%22%40sol92%22+profile&web=1&searchid=8859618 200
2026-01-24 17:18:15,639 [INFO] response: https://en.wikipedia.org/w/api.php?action=opensearch&profile=fuzzy&limit=1&search=%22%40sol92%22%20%22%D0%9F%D0%B0%D0%B2%D0%B5%D0%BB%20%D0%A1%D1%82%D0%BE%D0%BB%D0%B1%D0%BE%D0%B2%D1%81%D0%BA%D0%B8%D0%B9%22 200
2026-01-24 17:18:16,265 [INFO] response: https://grokipedia.com/api/typeahead?query=%22%40sol92%22+%22%D0%9F%D0%B0%D0%B2%D0%B5%D0%BB+%D0%A1%D1%82%D0%BE%D0%BB%D0%B1%D0%BE%D0%B2%D1%81%D0%BA%D0%B8%D0%B9%22&limit=1 200
2026-01-24 17:18:17,291 [INFO] response: https://search.brave.com/search?q=%22%40sol92%22+%22%D0%9F%D0%B0%D0%B2%D0%B5%D0%BB+%D0%A1%D1%82%D0%BE%D0%BB%D0%B1%D0%BE%D0%B2%D1%81%D0%BA%D0%B8%D0%B9%22&source=web 200
2026-01-24 17:18:59,736 [INFO] response: https://en.wikipedia.org/w/api.php?action=opensearch&profile=fuzzy&limit=1&search=%22%2B79646032895%22 200
2026-01-24 17:19:00,168 [INFO] response: https://grokipedia.com/api/typeahead?query=%22%2B79646032895%22&limit=1 200
2026-01-24 17:19:00,425 [INFO] response: https://www.google.com/search?q=%22%2B79646032895%22&filter=1&start=0&hl=en-US&lr=lang_en&cr=countryUS 200
2026-01-24 17:19:01,532 [INFO] HTTP Request: POST https://html.duckduckgo.com/html/ "HTTP/2 200 OK"
2026-01-24 17:19:03,448 [INFO] response: https://www.mojeek.com/search?q=%22%2B79646032895%22 200
2026-01-24 17:19:05,156 [INFO] response: https://yandex.com/search/site/?text=%22%2B79646032895%22&web=1&searchid=4496255 200
2026-01-24 17:21:46,894 [INFO] HTTP Request: POST http://127.0.0.1:11434/api/chat "HTTP/1.1 200 OK"
2026-01-24 17:21:57,276 [INFO] response: https://en.wikipedia.org/w/api.php?action=opensearch&profile=fuzzy&limit=1&search=%2B7%20%28964%29%20603-XX-XX 200
2026-01-24 17:21:57,744 [INFO] response: https://grokipedia.com/api/typeahead?query=%2B7+%28964%29+603-XX-XX&limit=1 200
2026-01-24 17:21:59,945 [INFO] response: https://www.mojeek.com/search?q=%2B7+%28964%29+603-XX-XX 200
2026-01-24 17:25:17,830 [INFO] response: https://en.wikipedia.org/w/api.php?action=opensearch&profile=fuzzy&limit=1&search=%2B79646030000 200
2026-01-24 17:25:18,268 [INFO] response: https://grokipedia.com/api/typeahead?query=%2B79646030000&limit=1 200
2026-01-24 17:25:18,561 [INFO] response: https://www.google.com/search?q=%2B79646030000&filter=1&start=0&hl=en-US&lr=lang_en&cr=countryUS 200
2026-01-24 17:25:19,675 [INFO] HTTP Request: POST https://html.duckduckgo.com/html/ "HTTP/2 200 OK"
2026-01-24 17:25:20,677 [INFO] response: https://search.brave.com/search?q=%2B79646030000&source=web 200
2026-01-24 17:27:00,241 [INFO] response: https://en.wikipedia.org/w/api.php?action=opensearch&profile=fuzzy&limit=1&search=%2B79646032895 200
2026-01-24 17:27:00,576 [INFO] response: https://grokipedia.com/api/typeahead?query=%2B79646032895&limit=1 200
2026-01-24 17:27:01,622 [INFO] response: https://search.brave.com/search?q=%2B79646032895&source=web 200
2026-01-24 17:29:47,907 [INFO] response: https://en.wikipedia.org/w/api.php?action=opensearch&profile=fuzzy&limit=1&search=%40sol92ldu 200
2026-01-24 17:29:48,410 [INFO] response: https://grokipedia.com/api/typeahead?query=%40sol92ldu&limit=1 200
2026-01-24 17:29:49,212 [INFO] response: https://search.yahoo.com/search;_ylt=tmMtV9P0dLKBjDVoMDMVkgVQ;_ylu=2boNhWddC3xyuAgERbSUHraDezJMECDnU2W-psd-M6Mwf_U?p=%40sol92ldu 200
2026-01-24 17:29:50,983 [INFO] response: https://yandex.com/search/site/?text=%40sol92ldu&web=1&searchid=9441986 200
2026-01-24 17:31:43,101 [INFO] response: https://en.wikipedia.org/w/api.php?action=opensearch&profile=fuzzy&limit=1&search=Sol 200
2026-01-24 17:31:43,455 [INFO] response: https://en.wikipedia.org/w/api.php?action=query&format=json&prop=extracts&titles=Sol&explaintext=0&exintro=0&redirects=1 200
2026-01-24 17:31:44,081 [INFO] response: https://grokipedia.com/api/typeahead?query=Sol&limit=1 200
2026-01-24 17:31:45,251 [INFO] response: https://search.yahoo.com/search;_ylt=7BYzFX5iT3zRzmz0a0SeA8Tr;_ylu=JHUvClYHWRxdoA0zluKC3ecBD_8ZcVRKZf_AStDRher01pg?p=Sol 200
2026-01-24 17:31:47,241 [INFO] response: https://yandex.com/search/site/?text=Sol&web=1&searchid=3224705 200
2026-01-24 17:34:34,578 [INFO] Incoming Request: POST /api/analyze
2026-01-24 17:34:34,582 [INFO] --- STARTING ANALYSIS FOR: Павел Столбовский ---
2026-01-24 17:34:37,313 [INFO] response: https://en.wikipedia.org/w/api.php?action=opensearch&profile=fuzzy&limit=1&search=site%3Anitter.net%20%22%40sol92%22 200
2026-01-24 17:34:38,604 [INFO] response: https://grokipedia.com/api/typeahead?query=site%3Anitter.net+%22%40sol92%22&limit=1 200
2026-01-24 17:34:40,352 [INFO] response: https://yandex.com/search/site/?text=site%3Anitter.net+%22%40sol92%22&web=1&searchid=2665251 200
2026-01-24 17:34:41,399 [INFO] response: https://search.brave.com/search?q=site%3Anitter.net+%22%40sol92%22&source=web 200
2026-01-24 17:36:27,900 [INFO] response: https://en.wikipedia.org/w/api.php?action=opensearch&profile=fuzzy&limit=1&search=site%3Anitter.net%20%22%D0%9F%D0%B0%D0%B2%D0%B5%D0%BB%20%D0%A1%D1%82%D0%BE%D0%BB%D0%B1%D0%BE%D0%B2%D1%81%D0%BA%D0%B8%D0%B9%22 200
2026-01-24 17:36:28,333 [INFO] response: https://grokipedia.com/api/typeahead?query=site%3Anitter.net+%22%D0%9F%D0%B0%D0%B2%D0%B5%D0%BB+%D0%A1%D1%82%D0%BE%D0%BB%D0%B1%D0%BE%D0%B2%D1%81%D0%BA%D0%B8%D0%B9%22&limit=1 200
2026-01-24 17:36:29,598 [INFO] response: https://www.mojeek.com/search?q=site%3Anitter.net+%22%D0%9F%D0%B0%D0%B2%D0%B5%D0%BB+%D0%A1%D1%82%D0%BE%D0%BB%D0%B1%D0%BE%D0%B2%D1%81%D0%BA%D0%B8%D0%B9%22 403
2026-01-24 17:36:30,570 [INFO] response: https://search.brave.com/search?q=site%3Anitter.net+%22%D0%9F%D0%B0%D0%B2%D0%B5%D0%BB+%D0%A1%D1%82%D0%BE%D0%BB%D0%B1%D0%BE%D0%B2%D1%81%D0%BA%D0%B8%D0%B9%22&source=web 200
2026-01-24 17:38:20,716 [INFO] response: https://en.wikipedia.org/w/api.php?action=opensearch&profile=fuzzy&limit=1&search=site%3Aanonigviewer.com%20%22%40sol92%22 200
2026-01-24 17:38:21,107 [INFO] response: https://grokipedia.com/api/typeahead?query=site%3Aanonigviewer.com+%22%40sol92%22&limit=1 200
2026-01-24 17:38:22,006 [INFO] response: https://www.mojeek.com/search?q=site%3Aanonigviewer.com+%22%40sol92%22 403
2026-01-24 17:38:23,457 [INFO] response: https://yandex.com/search/site/?text=site%3Aanonigviewer.com+%22%40sol92%22&web=1&searchid=5570234 200
2026-01-24 17:38:24,232 [INFO] response: https://search.brave.com/search?q=site%3Aanonigviewer.com+%22%40sol92%22&source=web 200
2026-01-24 17:39:08,589 [INFO] response: https://en.wikipedia.org/w/api.php?action=opensearch&profile=fuzzy&limit=1&search=site%3Aanonigviewer.com%20%22%D0%9F%D0%B0%D0%B2%D0%B5%D0%BB%20%D0%A1%D1%82%D0%BE%D0%BB%D0%B1%D0%BE%D0%B2%D1%81%D0%BA%D0%B8%D0%B9%22 200
2026-01-24 17:39:08,880 [INFO] response: https://grokipedia.com/api/typeahead?query=site%3Aanonigviewer.com+%22%D0%9F%D0%B0%D0%B2%D0%B5%D0%BB+%D0%A1%D1%82%D0%BE%D0%BB%D0%B1%D0%BE%D0%B2%D1%81%D0%BA%D0%B8%D0%B9%22&limit=1 200
2026-01-24 17:39:09,952 [INFO] HTTP Request: POST https://html.duckduckgo.com/html/ "HTTP/2 200 OK"
2026-01-24 17:39:10,557 [INFO] response: https://search.brave.com/search?q=site%3Aanonigviewer.com+%22%D0%9F%D0%B0%D0%B2%D0%B5%D0%BB+%D0%A1%D1%82%D0%BE%D0%BB%D0%B1%D0%BE%D0%B2%D1%81%D0%BA%D0%B8%D0%B9%22&source=web 200
2026-01-24 17:39:11,775 [INFO] response: https://www.mojeek.com/search?q=site%3Aanonigviewer.com+%22%D0%9F%D0%B0%D0%B2%D0%B5%D0%BB+%D0%A1%D1%82%D0%BE%D0%BB%D0%B1%D0%BE%D0%B2%D1%81%D0%BA%D0%B8%D0%B9%22 403
2026-01-24 17:39:12,068 [INFO] response: https://www.google.com/search?q=site%3Aanonigviewer.com+%22%D0%9F%D0%B0%D0%B2%D0%B5%D0%BB+%D0%A1%D1%82%D0%BE%D0%BB%D0%B1%D0%BE%D0%B2%D1%81%D0%BA%D0%B8%D0%B9%22&filter=1&start=0&hl=en-US&lr=lang_en&cr=countryUS 200
2026-01-24 17:39:13,906 [INFO] response: https://yandex.com/search/site/?text=site%3Aanonigviewer.com+%22%D0%9F%D0%B0%D0%B2%D0%B5%D0%BB+%D0%A1%D1%82%D0%BE%D0%BB%D0%B1%D0%BE%D0%B2%D1%81%D0%BA%D0%B8%D0%B9%22&web=1&searchid=8436886 200
2026-01-24 17:41:34,283 [INFO] response: https://grokipedia.com/api/typeahead?query=site%3Agreatfon.com+%22%40sol92%22&limit=1 200
2026-01-24 17:41:34,316 [INFO] response: https://en.wikipedia.org/w/api.php?action=opensearch&profile=fuzzy&limit=1&search=site%3Agreatfon.com%20%22%40sol92%22 200
2026-01-24 17:41:35,588 [INFO] response: https://yandex.com/search/site/?text=site%3Agreatfon.com+%22%40sol92%22&web=1&searchid=8400916 200
2026-01-24 17:41:36,756 [INFO] response: https://www.mojeek.com/search?q=site%3Agreatfon.com+%22%40sol92%22 403
2026-01-24 17:41:37,582 [INFO] HTTP Request: POST https://html.duckduckgo.com/html/ "HTTP/2 200 OK"
2026-01-24 17:41:38,380 [INFO] response: https://search.brave.com/search?q=site%3Agreatfon.com+%22%40sol92%22&source=web 200
2026-01-24 17:44:09,204 [INFO] HTTP Request: POST http://127.0.0.1:11434/api/chat "HTTP/1.1 200 OK"
2026-01-24 17:44:25,490 [INFO] response: https://en.wikipedia.org/w/api.php?action=opensearch&profile=fuzzy&limit=1&search=site%3Agreatfon.com%20%22%D0%9F%D0%B0%D0%B2%D0%B5%D0%BB%20%D0%A1%D1%82%D0%BE%D0%BB%D0%B1%D0%BE%D0%B2%D1%81%D0%BA%D0%B8%D0%B9%22 200
2026-01-24 17:44:26,075 [INFO] response: https://grokipedia.com/api/typeahead?query=site%3Agreatfon.com+%22%D0%9F%D0%B0%D0%B2%D0%B5%D0%BB+%D0%A1%D1%82%D0%BE%D0%BB%D0%B1%D0%BE%D0%B2%D1%81%D0%BA%D0%B8%D0%B9%22&limit=1 200
2026-01-24 17:44:26,953 [INFO] HTTP Request: POST https://html.duckduckgo.com/html/ "HTTP/2 200 OK"
2026-01-24 17:44:28,630 [INFO] response: https://yandex.com/search/site/?text=site%3Agreatfon.com+%22%D0%9F%D0%B0%D0%B2%D0%B5%D0%BB+%D0%A1%D1%82%D0%BE%D0%BB%D0%B1%D0%BE%D0%B2%D1%81%D0%BA%D0%B8%D0%B9%22&web=1&searchid=5094699 200
2026-01-24 17:44:29,938 [INFO] response: https://www.mojeek.com/search?q=site%3Agreatfon.com+%22%D0%9F%D0%B0%D0%B2%D0%B5%D0%BB+%D0%A1%D1%82%D0%BE%D0%BB%D0%B1%D0%BE%D0%B2%D1%81%D0%BA%D0%B8%D0%B9%22 403
2026-01-24 17:44:30,606 [INFO] response: https://search.brave.com/search?q=site%3Agreatfon.com+%22%D0%9F%D0%B0%D0%B2%D0%B5%D0%BB+%D0%A1%D1%82%D0%BE%D0%BB%D0%B1%D0%BE%D0%B2%D1%81%D0%BA%D0%B8%D0%B9%22&source=web 200
2026-01-24 17:44:30,888 [INFO] response: https://www.google.com/search?q=site%3Agreatfon.com+%22%D0%9F%D0%B0%D0%B2%D0%B5%D0%BB+%D0%A1%D1%82%D0%BE%D0%BB%D0%B1%D0%BE%D0%B2%D1%81%D0%BA%D0%B8%D0%B9%22&filter=1&start=0&hl=en-US&lr=lang_en&cr=countryUS 200
2026-01-24 17:45:09,773 [INFO] response: https://en.wikipedia.org/w/api.php?action=opensearch&profile=fuzzy&limit=1&search=site%3Adumpor.com%20%22%40sol92%22 200
2026-01-24 17:45:11,281 [INFO] response: https://grokipedia.com/api/typeahead?query=site%3Adumpor.com+%22%40sol92%22&limit=1 200
2026-01-24 17:45:12,513 [INFO] response: https://www.mojeek.com/search?q=site%3Adumpor.com+%22%40sol92%22 403
2026-01-24 17:45:13,301 [INFO] response: https://search.yahoo.com/search;_ylt=rjKEnZPq7nIcNfIZWw9MtMOH;_ylu=dhYmduyCCCBo8kqwPdWYpRrZlG5RNo8XgKFVyc0eD8t4K3k?p=site%3Adumpor.com+%22%40sol92%22 200
2026-01-24 17:45:13,807 [INFO] response: https://www.google.com/search?q=site%3Adumpor.com+%22%40sol92%22&filter=1&start=0&hl=en-US&lr=lang_en&cr=countryUS 200
2026-01-24 17:45:14,737 [INFO] HTTP Request: POST https://html.duckduckgo.com/html/ "HTTP/2 200 OK"
2026-01-24 17:45:16,067 [INFO] response: https://yandex.com/search/site/?text=site%3Adumpor.com+%22%40sol92%22&web=1&searchid=1551741 200
2026-01-24 17:45:16,673 [INFO] response: https://search.brave.com/search?q=site%3Adumpor.com+%22%40sol92%22&source=web 200
2026-01-24 17:45:45,548 [INFO] response: https://en.wikipedia.org/w/api.php?action=opensearch&profile=fuzzy&limit=1&search=site%3Adumpor.com%20%22%D0%9F%D0%B0%D0%B2%D0%B5%D0%BB%20%D0%A1%D1%82%D0%BE%D0%BB%D0%B1%D0%BE%D0%B2%D1%81%D0%BA%D0%B8%D0%B9%22 200
2026-01-24 17:45:45,839 [INFO] response: https://grokipedia.com/api/typeahead?query=site%3Adumpor.com+%22%D0%9F%D0%B0%D0%B2%D0%B5%D0%BB+%D0%A1%D1%82%D0%BE%D0%BB%D0%B1%D0%BE%D0%B2%D1%81%D0%BA%D0%B8%D0%B9%22&limit=1 200
2026-01-24 17:45:46,946 [INFO] response: https://www.mojeek.com/search?q=site%3Adumpor.com+%22%D0%9F%D0%B0%D0%B2%D0%B5%D0%BB+%D0%A1%D1%82%D0%BE%D0%BB%D0%B1%D0%BE%D0%B2%D1%81%D0%BA%D0%B8%D0%B9%22 403
2026-01-24 17:45:47,673 [INFO] response: https://search.brave.com/search?q=site%3Adumpor.com+%22%D0%9F%D0%B0%D0%B2%D0%B5%D0%BB+%D0%A1%D1%82%D0%BE%D0%BB%D0%B1%D0%BE%D0%B2%D1%81%D0%BA%D0%B8%D0%B9%22&source=web 200
2026-01-24 17:45:47,953 [INFO] response: https://www.google.com/search?q=site%3Adumpor.com+%22%D0%9F%D0%B0%D0%B2%D0%B5%D0%BB+%D0%A1%D1%82%D0%BE%D0%BB%D0%B1%D0%BE%D0%B2%D1%81%D0%BA%D0%B8%D0%B9%22&filter=1&start=0&hl=en-US&lr=lang_en&cr=countryUS 200
2026-01-24 17:45:48,970 [INFO] response: https://search.yahoo.com/search;_ylt=NX3FjD30Fz8H4eU5kUQ912xU;_ylu=0ayWILQTWMUVJk2ojDGhK9LJuE42nFleuGybb361tPpcXGo?p=site%3Adumpor.com+%22%D0%9F%D0%B0%D0%B2%D0%B5%D0%BB+%D0%A1%D1%82%D0%BE%D0%BB%D0%B1%D0%BE%D0%B2%D1%81%D0%BA%D0%B8%D0%B9%22 200
2026-01-24 17:45:50,749 [INFO] response: https://yandex.com/search/site/?text=site%3Adumpor.com+%22%D0%9F%D0%B0%D0%B2%D0%B5%D0%BB+%D0%A1%D1%82%D0%BE%D0%BB%D0%B1%D0%BE%D0%B2%D1%81%D0%BA%D0%B8%D0%B9%22&web=1&searchid=8301654 200
2026-01-24 17:45:51,056 [INFO] HTTP Request: POST https://html.duckduckgo.com/html/ "HTTP/2 202 Accepted"
2026-01-24 17:45:53,070 [WARNING] KeyError('html') - backend is not exist or disabled. Available: brave, duckduckgo, google, grokipedia, mojeek, wikipedia, yahoo, yandex. Using 'auto'
2026-01-24 17:45:53,538 [INFO] response: https://en.wikipedia.org/w/api.php?action=opensearch&profile=fuzzy&limit=1&search=site%3Adumpor.com%20%22%D0%9F%D0%B0%D0%B2%D0%B5%D0%BB%20%D0%A1%D1%82%D0%BE%D0%BB%D0%B1%D0%BE%D0%B2%D1%81%D0%BA%D0%B8%D0%B9%22 200
2026-01-24 17:45:55,410 [INFO] response: https://grokipedia.com/api/typeahead?query=site%3Adumpor.com+%22%D0%9F%D0%B0%D0%B2%D0%B5%D0%BB+%D0%A1%D1%82%D0%BE%D0%BB%D0%B1%D0%BE%D0%B2%D1%81%D0%BA%D0%B8%D0%B9%22&limit=1 200
2026-01-24 17:45:56,395 [INFO] response: https://www.mojeek.com/search?q=site%3Adumpor.com+%22%D0%9F%D0%B0%D0%B2%D0%B5%D0%BB+%D0%A1%D1%82%D0%BE%D0%BB%D0%B1%D0%BE%D0%B2%D1%81%D0%BA%D0%B8%D0%B9%22 403
2026-01-24 17:45:57,111 [INFO] response: https://search.yahoo.com/search;_ylt=_1gAhkz-BE5GWyHkKRmD_Ziy;_ylu=hk4j3JVnh-g52VDCgHyezeUKuO_j9RoQJDBqXcedjCa6Gp8?p=site%3Adumpor.com+%22%D0%9F%D0%B0%D0%B2%D0%B5%D0%BB+%D0%A1%D1%82%D0%BE%D0%BB%D0%B1%D0%BE%D0%B2%D1%81%D0%BA%D0%B8%D0%B9%22 200
2026-01-24 17:45:57,701 [INFO] response: https://search.brave.com/search?q=site%3Adumpor.com+%22%D0%9F%D0%B0%D0%B2%D0%B5%D0%BB+%D0%A1%D1%82%D0%BE%D0%BB%D0%B1%D0%BE%D0%B2%D1%81%D0%BA%D0%B8%D0%B9%22&source=web 200
2026-01-24 17:45:58,023 [INFO] HTTP Request: POST https://html.duckduckgo.com/html/ "HTTP/2 202 Accepted"
2026-01-24 17:45:59,361 [INFO] response: https://yandex.com/search/site/?text=site%3Adumpor.com+%22%D0%9F%D0%B0%D0%B2%D0%B5%D0%BB+%D0%A1%D1%82%D0%BE%D0%BB%D0%B1%D0%BE%D0%B2%D1%81%D0%BA%D0%B8%D0%B9%22&web=1&searchid=3173247 200
2026-01-24 17:45:59,629 [INFO] response: https://www.google.com/search?q=site%3Adumpor.com+%22%D0%9F%D0%B0%D0%B2%D0%B5%D0%BB+%D0%A1%D1%82%D0%BE%D0%BB%D0%B1%D0%BE%D0%B2%D1%81%D0%BA%D0%B8%D0%B9%22&filter=1&start=0&hl=en-US&lr=lang_en&cr=countryUS 200
2026-01-24 17:46:01,746 [INFO] response: https://en.wikipedia.org/w/api.php?action=opensearch&profile=fuzzy&limit=1&search=site%3Agramhir.com%20%22%40sol92%22 200
2026-01-24 17:46:02,191 [INFO] response: https://grokipedia.com/api/typeahead?query=site%3Agramhir.com+%22%40sol92%22&limit=1 200
2026-01-24 17:46:02,972 [INFO] response: https://search.yahoo.com/search;_ylt=SHKsrfYax8fnjlNdoTNvTCI6;_ylu=2mHLKnm8IElS70s29oI0MW7Ryw2etHaNuFxk6XDJ289Bm2o?p=site%3Agramhir.com+%22%40sol92%22 200
2026-01-24 17:46:03,442 [INFO] response: https://www.google.com/search?q=site%3Agramhir.com+%22%40sol92%22&filter=1&start=0&hl=en-US&lr=lang_en&cr=countryUS 200
2026-01-24 17:46:04,871 [INFO] response: https://yandex.com/search/site/?text=site%3Agramhir.com+%22%40sol92%22&web=1&searchid=6322549 200
2026-01-24 17:46:06,047 [INFO] response: https://www.mojeek.com/search?q=site%3Agramhir.com+%22%40sol92%22 403
2026-01-24 17:46:06,789 [INFO] response: https://search.brave.com/search?q=site%3Agramhir.com+%22%40sol92%22&source=web 200
2026-01-24 17:46:07,104 [INFO] HTTP Request: POST https://html.duckduckgo.com/html/ "HTTP/2 202 Accepted"
2026-01-24 17:49:12,209 [INFO] response: https://en.wikipedia.org/w/api.php?action=opensearch&profile=fuzzy&limit=1&search=site%3Agramhir.com%20%22%D0%9F%D0%B0%D0%B2%D0%B5%D0%BB%20%D0%A1%D1%82%D0%BE%D0%BB%D0%B1%D0%BE%D0%B2%D1%81%D0%BA%D0%B8%D0%B9%22 200
2026-01-24 17:49:14,158 [INFO] response: https://grokipedia.com/api/typeahead?query=site%3Agramhir.com+%22%D0%9F%D0%B0%D0%B2%D0%B5%D0%BB+%D0%A1%D1%82%D0%BE%D0%BB%D0%B1%D0%BE%D0%B2%D1%81%D0%BA%D0%B8%D0%B9%22&limit=1 200
2026-01-24 17:49:15,688 [INFO] response: https://yandex.com/search/site/?text=site%3Agramhir.com+%22%D0%9F%D0%B0%D0%B2%D0%B5%D0%BB+%D0%A1%D1%82%D0%BE%D0%BB%D0%B1%D0%BE%D0%B2%D1%81%D0%BA%D0%B8%D0%B9%22&web=1&searchid=7452185 200
2026-01-24 17:49:16,399 [INFO] response: https://search.yahoo.com/search;_ylt=usw_EiWKwIB7YO6yAmK_qZbM;_ylu=vLvzqGETpEucXCqCowaxKX8Qq0H3p5ouW7pU4H9NFB05rnU?p=site%3Agramhir.com+%22%D0%9F%D0%B0%D0%B2%D0%B5%D0%BB+%D0%A1%D1%82%D0%BE%D0%BB%D0%B1%D0%BE%D0%B2%D1%81%D0%BA%D0%B8%D0%B9%22 200
2026-01-24 17:49:17,706 [INFO] response: https://www.mojeek.com/search?q=site%3Agramhir.com+%22%D0%9F%D0%B0%D0%B2%D0%B5%D0%BB+%D0%A1%D1%82%D0%BE%D0%BB%D0%B1%D0%BE%D0%B2%D1%81%D0%BA%D0%B8%D0%B9%22 403
2026-01-24 17:49:18,018 [INFO] response: https://www.google.com/search?q=site%3Agramhir.com+%22%D0%9F%D0%B0%D0%B2%D0%B5%D0%BB+%D0%A1%D1%82%D0%BE%D0%BB%D0%B1%D0%BE%D0%B2%D1%81%D0%BA%D0%B8%D0%B9%22&filter=1&start=0&hl=en-US&lr=lang_en&cr=countryUS 200
2026-01-24 17:49:18,924 [INFO] response: https://search.brave.com/search?q=site%3Agramhir.com+%22%D0%9F%D0%B0%D0%B2%D0%B5%D0%BB+%D0%A1%D1%82%D0%BE%D0%BB%D0%B1%D0%BE%D0%B2%D1%81%D0%BA%D0%B8%D0%B9%22&source=web 200
2026-01-24 17:51:25,877 [INFO] HTTP Request: POST http://127.0.0.1:11434/api/chat "HTTP/1.1 200 OK"
2026-01-24 17:51:38,600 [INFO] response: https://en.wikipedia.org/w/api.php?action=opensearch&profile=fuzzy&limit=1&search=site%3Atwstalker.com%20%22%40sol92%22 200
2026-01-24 17:51:39,894 [INFO] response: https://grokipedia.com/api/typeahead?query=site%3Atwstalker.com+%22%40sol92%22&limit=1 200
2026-01-24 17:51:40,658 [INFO] response: https://search.yahoo.com/search;_ylt=Xl29lytKT6CQwk692nCURzZl;_ylu=lkftKbk0RBOfx1BoQGqpqUjWU32NqhA_PaGAXdcNabvQgMA?p=site%3Atwstalker.com+%22%40sol92%22 200
2026-01-24 17:51:41,190 [INFO] HTTP Request: POST https://html.duckduckgo.com/html/ "HTTP/2 202 Accepted"
2026-01-24 17:51:41,535 [INFO] response: https://www.google.com/search?q=site%3Atwstalker.com+%22%40sol92%22&filter=1&start=0&hl=en-US&lr=lang_en&cr=countryUS 200
2026-01-24 17:51:42,983 [INFO] response: https://yandex.com/search/site/?text=site%3Atwstalker.com+%22%40sol92%22&web=1&searchid=1240505 200
2026-01-24 17:51:43,871 [INFO] response: https://search.brave.com/search?q=site%3Atwstalker.com+%22%40sol92%22&source=web 200
2026-01-24 17:53:54,203 [INFO] response: https://en.wikipedia.org/w/api.php?action=opensearch&profile=fuzzy&limit=1&search=site%3Atwstalker.com%20%22%D0%9F%D0%B0%D0%B2%D0%B5%D0%BB%20%D0%A1%D1%82%D0%BE%D0%BB%D0%B1%D0%BE%D0%B2%D1%81%D0%BA%D0%B8%D0%B9%22 200
2026-01-24 17:53:55,275 [INFO] response: https://grokipedia.com/api/typeahead?query=site%3Atwstalker.com+%22%D0%9F%D0%B0%D0%B2%D0%B5%D0%BB+%D0%A1%D1%82%D0%BE%D0%BB%D0%B1%D0%BE%D0%B2%D1%81%D0%BA%D0%B8%D0%B9%22&limit=1 200
2026-01-24 17:53:55,585 [INFO] HTTP Request: POST https://html.duckduckgo.com/html/ "HTTP/2 202 Accepted"
2026-01-24 17:53:56,488 [INFO] response: https://search.brave.com/search?q=site%3Atwstalker.com+%22%D0%9F%D0%B0%D0%B2%D0%B5%D0%BB+%D0%A1%D1%82%D0%BE%D0%BB%D0%B1%D0%BE%D0%B2%D1%81%D0%BA%D0%B8%D0%B9%22&source=web 200
2026-01-24 17:56:09,433 [INFO] response: https://en.wikipedia.org/w/api.php?action=opensearch&profile=fuzzy&limit=1&search=site%3Afreetwitter.com%20%22%40sol92%22 200
2026-01-24 17:56:10,169 [INFO] response: https://grokipedia.com/api/typeahead?query=site%3Afreetwitter.com+%22%40sol92%22&limit=1 200
2026-01-24 17:56:11,662 [INFO] response: https://yandex.com/search/site/?text=site%3Afreetwitter.com+%22%40sol92%22&web=1&searchid=5406760 200
2026-01-24 17:56:12,340 [INFO] response: https://search.brave.com/search?q=site%3Afreetwitter.com+%22%40sol92%22&source=web 200
2026-01-24 17:56:13,133 [INFO] response: https://search.yahoo.com/search;_ylt=ZXqTskrXv2MGp1RLQ_RbodOZ;_ylu=fGdwDSg8M1NwrUaO1sUcnLAS2WsCM89E1gnCOzso4_diZYQ?p=site%3Afreetwitter.com+%22%40sol92%22 200
2026-01-24 17:56:14,524 [INFO] response: https://www.mojeek.com/search?q=site%3Afreetwitter.com+%22%40sol92%22 403
2026-01-24 17:56:14,915 [INFO] HTTP Request: POST https://html.duckduckgo.com/html/ "HTTP/2 202 Accepted"
2026-01-24 17:56:15,293 [INFO] response: https://www.google.com/search?q=site%3Afreetwitter.com+%22%40sol92%22&filter=1&start=0&hl=en-US&lr=lang_en&cr=countryUS 200
2026-01-24 17:56:30,454 [INFO] response: https://en.wikipedia.org/w/api.php?action=opensearch&profile=fuzzy&limit=1&search=site%3Afreetwitter.com%20%22%D0%9F%D0%B0%D0%B2%D0%B5%D0%BB%20%D0%A1%D1%82%D0%BE%D0%BB%D0%B1%D0%BE%D0%B2%D1%81%D0%BA%D0%B8%D0%B9%22 200
2026-01-24 17:56:31,111 [INFO] response: https://grokipedia.com/api/typeahead?query=site%3Afreetwitter.com+%22%D0%9F%D0%B0%D0%B2%D0%B5%D0%BB+%D0%A1%D1%82%D0%BE%D0%BB%D0%B1%D0%BE%D0%B2%D1%81%D0%BA%D0%B8%D0%B9%22&limit=1 200
2026-01-24 17:56:31,845 [INFO] response: https://search.yahoo.com/search;_ylt=-vQf6Yg8Fmx8xrCgfJjADBoS;_ylu=aqKSiIjfN1driYvinjlinRNFHW6jjop5ETAjq7MNAL-rEww?p=site%3Afreetwitter.com+%22%D0%9F%D0%B0%D0%B2%D0%B5%D0%BB+%D0%A1%D1%82%D0%BE%D0%BB%D0%B1%D0%BE%D0%B2%D1%81%D0%BA%D0%B8%D0%B9%22 200
2026-01-24 17:56:32,965 [INFO] response: https://search.brave.com/search?q=site%3Afreetwitter.com+%22%D0%9F%D0%B0%D0%B2%D0%B5%D0%BB+%D0%A1%D1%82%D0%BE%D0%BB%D0%B1%D0%BE%D0%B2%D1%81%D0%BA%D0%B8%D0%B9%22&source=web 200
2026-01-24 17:56:33,258 [INFO] response: https://www.google.com/search?q=site%3Afreetwitter.com+%22%D0%9F%D0%B0%D0%B2%D0%B5%D0%BB+%D0%A1%D1%82%D0%BE%D0%BB%D0%B1%D0%BE%D0%B2%D1%81%D0%BA%D0%B8%D0%B9%22&filter=1&start=0&hl=en-US&lr=lang_en&cr=countryUS 200
2026-01-24 17:56:34,863 [INFO] response: https://yandex.com/search/site/?text=site%3Afreetwitter.com+%22%D0%9F%D0%B0%D0%B2%D0%B5%D0%BB+%D0%A1%D1%82%D0%BE%D0%BB%D0%B1%D0%BE%D0%B2%D1%81%D0%BA%D0%B8%D0%B9%22&web=1&searchid=3210564 200
2026-01-24 17:56:35,916 [INFO] response: https://www.mojeek.com/search?q=site%3Afreetwitter.com+%22%D0%9F%D0%B0%D0%B2%D0%B5%D0%BB+%D0%A1%D1%82%D0%BE%D0%BB%D0%B1%D0%BE%D0%B2%D1%81%D0%BA%D0%B8%D0%B9%22 403
2026-01-24 17:56:36,183 [INFO] HTTP Request: POST https://html.duckduckgo.com/html/ "HTTP/2 202 Accepted"
2026-01-24 17:56:38,208 [WARNING] KeyError('html') - backend is not exist or disabled. Available: brave, duckduckgo, google, grokipedia, mojeek, wikipedia, yahoo, yandex. Using 'auto'
2026-01-24 17:56:38,751 [INFO] response: https://en.wikipedia.org/w/api.php?action=opensearch&profile=fuzzy&limit=1&search=site%3Afreetwitter.com%20%22%D0%9F%D0%B0%D0%B2%D0%B5%D0%BB%20%D0%A1%D1%82%D0%BE%D0%BB%D0%B1%D0%BE%D0%B2%D1%81%D0%BA%D0%B8%D0%B9%22 200
2026-01-24 17:56:39,633 [INFO] response: https://grokipedia.com/api/typeahead?query=site%3Afreetwitter.com+%22%D0%9F%D0%B0%D0%B2%D0%B5%D0%BB+%D0%A1%D1%82%D0%BE%D0%BB%D0%B1%D0%BE%D0%B2%D1%81%D0%BA%D0%B8%D0%B9%22&limit=1 200
2026-01-24 17:56:40,105 [INFO] response: https://search.brave.com/search?q=site%3Afreetwitter.com+%22%D0%9F%D0%B0%D0%B2%D0%B5%D0%BB+%D0%A1%D1%82%D0%BE%D0%BB%D0%B1%D0%BE%D0%B2%D1%81%D0%BA%D0%B8%D0%B9%22&source=web 200
2026-01-24 17:56:40,389 [INFO] HTTP Request: POST https://html.duckduckgo.com/html/ "HTTP/2 202 Accepted"
2026-01-24 17:56:40,675 [INFO] response: https://www.google.com/search?q=site%3Afreetwitter.com+%22%D0%9F%D0%B0%D0%B2%D0%B5%D0%BB+%D0%A1%D1%82%D0%BE%D0%BB%D0%B1%D0%BE%D0%B2%D1%81%D0%BA%D0%B8%D0%B9%22&filter=1&start=0&hl=en-US&lr=lang_en&cr=countryUS 200
2026-01-24 17:56:42,217 [INFO] response: https://www.mojeek.com/search?q=site%3Afreetwitter.com+%22%D0%9F%D0%B0%D0%B2%D0%B5%D0%BB+%D0%A1%D1%82%D0%BE%D0%BB%D0%B1%D0%BE%D0%B2%D1%81%D0%BA%D0%B8%D0%B9%22 403
2026-01-24 17:56:42,921 [INFO] response: https://search.yahoo.com/search;_ylt=2M-qv_7wCJpgUkwCKZJChnQt;_ylu=QVsp5gQJoKjxdow23C8QCxHdgb-ML0v1pjUQpq_MTzaqZzU?p=site%3Afreetwitter.com+%22%D0%9F%D0%B0%D0%B2%D0%B5%D0%BB+%D0%A1%D1%82%D0%BE%D0%BB%D0%B1%D0%BE%D0%B2%D1%81%D0%BA%D0%B8%D0%B9%22 200
2026-01-24 17:56:44,695 [INFO] response: https://yandex.com/search/site/?text=site%3Afreetwitter.com+%22%D0%9F%D0%B0%D0%B2%D0%B5%D0%BB+%D0%A1%D1%82%D0%BE%D0%BB%D0%B1%D0%BE%D0%B2%D1%81%D0%BA%D0%B8%D0%B9%22&web=1&searchid=4615609 200
2026-01-24 17:56:47,442 [INFO] response: https://en.wikipedia.org/w/api.php?action=opensearch&profile=fuzzy&limit=1&search=site%3Aimginn.com%20%22%40sol92%22 200
2026-01-24 17:56:48,334 [INFO] response: https://grokipedia.com/api/typeahead?query=site%3Aimginn.com+%22%40sol92%22&limit=1 200
2026-01-24 17:56:49,569 [INFO] response: https://yandex.com/search/site/?text=site%3Aimginn.com+%22%40sol92%22&web=1&searchid=3344712 200
2026-01-24 17:56:49,880 [INFO] response: https://www.google.com/search?q=site%3Aimginn.com+%22%40sol92%22&filter=1&start=0&hl=en-US&lr=lang_en&cr=countryUS 200
2026-01-24 17:56:50,416 [INFO] HTTP Request: POST https://html.duckduckgo.com/html/ "HTTP/2 202 Accepted"
2026-01-24 17:56:51,087 [INFO] response: https://search.yahoo.com/search;_ylt=fVUA7bfGCyVCEptw1270t1hc;_ylu=XnF9Qt3ak3QScxlNQxok_gqtjHPBSazJBrnwDUz-FsmL2wk?p=site%3Aimginn.com+%22%40sol92%22 200
2026-01-24 17:56:52,072 [INFO] response: https://search.brave.com/search?q=site%3Aimginn.com+%22%40sol92%22&source=web 200
2026-01-24 17:58:49,129 [INFO] HTTP Request: POST http://127.0.0.1:11434/api/chat "HTTP/1.1 200 OK"
2026-01-24 17:59:05,884 [INFO] HTTP Request: POST http://127.0.0.1:11434/api/chat "HTTP/1.1 200 OK"
2026-01-24 17:59:37,292 [INFO] Response Status: 200
2026-01-25 10:36:17,265 [INFO] Incoming Request: POST /api/analyze
2026-01-25 10:36:17,273 [INFO] --- STARTING ANALYSIS FOR: Павел Столбовский ---
2026-01-25 10:36:19,355 [INFO] response: https://en.wikipedia.org/w/api.php?action=opensearch&profile=fuzzy&limit=1&search=site%3Anitter.net%20%22%D0%9F%D0%B0%D0%B2%D0%B5%D0%BB%20%D0%A1%D1%82%D0%BE%D0%BB%D0%B1%D0%BE%D0%B2%D1%81%D0%BA%D0%B8%D0%B9%22 200
2026-01-25 10:36:20,165 [INFO] response: https://grokipedia.com/api/typeahead?query=site%3Anitter.net+%22%D0%9F%D0%B0%D0%B2%D0%B5%D0%BB+%D0%A1%D1%82%D0%BE%D0%BB%D0%B1%D0%BE%D0%B2%D1%81%D0%BA%D0%B8%D0%B9%22&limit=1 200
2026-01-25 10:36:21,510 [INFO] response: https://yandex.com/search/site/?text=site%3Anitter.net+%22%D0%9F%D0%B0%D0%B2%D0%B5%D0%BB+%D0%A1%D1%82%D0%BE%D0%BB%D0%B1%D0%BE%D0%B2%D1%81%D0%BA%D0%B8%D0%B9%22&web=1&searchid=6428256 200
2026-01-25 10:36:22,642 [INFO] response: https://search.brave.com/search?q=site%3Anitter.net+%22%D0%9F%D0%B0%D0%B2%D0%B5%D0%BB+%D0%A1%D1%82%D0%BE%D0%BB%D0%B1%D0%BE%D0%B2%D1%81%D0%BA%D0%B8%D0%B9%22&source=web 200
2026-01-25 10:38:14,113 [INFO] response: https://en.wikipedia.org/w/api.php?action=opensearch&profile=fuzzy&limit=1&search=site%3Aanonigviewer.com%20%22%D0%9F%D0%B0%D0%B2%D0%B5%D0%BB%20%D0%A1%D1%82%D0%BE%D0%BB%D0%B1%D0%BE%D0%B2%D1%81%D0%BA%D0%B8%D0%B9%22 200
2026-01-25 10:38:15,601 [INFO] response: https://grokipedia.com/api/typeahead?query=site%3Aanonigviewer.com+%22%D0%9F%D0%B0%D0%B2%D0%B5%D0%BB+%D0%A1%D1%82%D0%BE%D0%BB%D0%B1%D0%BE%D0%B2%D1%81%D0%BA%D0%B8%D0%B9%22&limit=1 200
2026-01-25 10:38:16,853 [INFO] response: https://yandex.com/search/site/?text=site%3Aanonigviewer.com+%22%D0%9F%D0%B0%D0%B2%D0%B5%D0%BB+%D0%A1%D1%82%D0%BE%D0%BB%D0%B1%D0%BE%D0%B2%D1%81%D0%BA%D0%B8%D0%B9%22&web=1&searchid=6716089 200
2026-01-25 10:38:17,614 [INFO] response: https://search.yahoo.com/search;_ylt=LfkDLhTyhK9yCvJGStkGXJ9J;_ylu=8P9gWGYfccxsWlc3bBRJKPXGPbDs_VY_y-q7FkuqLYonPFI?p=site%3Aanonigviewer.com+%22%D0%9F%D0%B0%D0%B2%D0%B5%D0%BB+%D0%A1%D1%82%D0%BE%D0%BB%D0%B1%D0%BE%D0%B2%D1%81%D0%BA%D0%B8%D0%B9%22 200
2026-01-25 10:38:18,583 [INFO] response: https://search.brave.com/search?q=site%3Aanonigviewer.com+%22%D0%9F%D0%B0%D0%B2%D0%B5%D0%BB+%D0%A1%D1%82%D0%BE%D0%BB%D0%B1%D0%BE%D0%B2%D1%81%D0%BA%D0%B8%D0%B9%22&source=web 200
2026-01-25 10:38:18,925 [INFO] response: https://www.google.com/search?q=site%3Aanonigviewer.com+%22%D0%9F%D0%B0%D0%B2%D0%B5%D0%BB+%D0%A1%D1%82%D0%BE%D0%BB%D0%B1%D0%BE%D0%B2%D1%81%D0%BA%D0%B8%D0%B9%22&filter=1&start=0&hl=en-US&lr=lang_en&cr=countryUS 200
2026-01-25 10:38:20,164 [INFO] response: https://www.mojeek.com/search?q=site%3Aanonigviewer.com+%22%D0%9F%D0%B0%D0%B2%D0%B5%D0%BB+%D0%A1%D1%82%D0%BE%D0%BB%D0%B1%D0%BE%D0%B2%D1%81%D0%BA%D0%B8%D0%B9%22 403
2026-01-25 10:38:24,871 [INFO] response: https://en.wikipedia.org/w/api.php?action=opensearch&profile=fuzzy&limit=1&search=site%3Agreatfon.com%20%22%D0%9F%D0%B0%D0%B2%D0%B5%D0%BB%20%D0%A1%D1%82%D0%BE%D0%BB%D0%B1%D0%BE%D0%B2%D1%81%D0%BA%D0%B8%D0%B9%22 200
2026-01-25 10:38:25,522 [INFO] response: https://grokipedia.com/api/typeahead?query=site%3Agreatfon.com+%22%D0%9F%D0%B0%D0%B2%D0%B5%D0%BB+%D0%A1%D1%82%D0%BE%D0%BB%D0%B1%D0%BE%D0%B2%D1%81%D0%BA%D0%B8%D0%B9%22&limit=1 200
2026-01-25 10:38:26,402 [INFO] response: https://www.mojeek.com/search?q=site%3Agreatfon.com+%22%D0%9F%D0%B0%D0%B2%D0%B5%D0%BB+%D0%A1%D1%82%D0%BE%D0%BB%D0%B1%D0%BE%D0%B2%D1%81%D0%BA%D0%B8%D0%B9%22 403
2026-01-25 10:38:26,957 [INFO] response: https://search.brave.com/search?q=site%3Agreatfon.com+%22%D0%9F%D0%B0%D0%B2%D0%B5%D0%BB+%D0%A1%D1%82%D0%BE%D0%BB%D0%B1%D0%BE%D0%B2%D1%81%D0%BA%D0%B8%D0%B9%22&source=web 200
2026-01-25 10:38:27,695 [INFO] response: https://search.yahoo.com/search;_ylt=_Ufi_BugpdSBMoeD6c7IOD9_;_ylu=jory6Wqtf4zuKkq94gJOpYq3NGYodCX-D2kf3g4aAd6MlCc?p=site%3Agreatfon.com+%22%D0%9F%D0%B0%D0%B2%D0%B5%D0%BB+%D0%A1%D1%82%D0%BE%D0%BB%D0%B1%D0%BE%D0%B2%D1%81%D0%BA%D0%B8%D0%B9%22 200
2026-01-25 10:38:29,137 [INFO] response: https://yandex.com/search/site/?text=site%3Agreatfon.com+%22%D0%9F%D0%B0%D0%B2%D0%B5%D0%BB+%D0%A1%D1%82%D0%BE%D0%BB%D0%B1%D0%BE%D0%B2%D1%81%D0%BA%D0%B8%D0%B9%22&web=1&searchid=3629262 200
2026-01-25 10:38:29,458 [INFO] response: https://www.google.com/search?q=site%3Agreatfon.com+%22%D0%9F%D0%B0%D0%B2%D0%B5%D0%BB+%D0%A1%D1%82%D0%BE%D0%BB%D0%B1%D0%BE%D0%B2%D1%81%D0%BA%D0%B8%D0%B9%22&filter=1&start=0&hl=en-US&lr=lang_en&cr=countryUS 200
2026-01-25 10:40:28,717 [INFO] response: https://en.wikipedia.org/w/api.php?action=opensearch&profile=fuzzy&limit=1&search=site%3Adumpor.com%20%22%D0%9F%D0%B0%D0%B2%D0%B5%D0%BB%20%D0%A1%D1%82%D0%BE%D0%BB%D0%B1%D0%BE%D0%B2%D1%81%D0%BA%D0%B8%D0%B9%22 200
2026-01-25 10:40:30,609 [INFO] response: https://grokipedia.com/api/typeahead?query=site%3Adumpor.com+%22%D0%9F%D0%B0%D0%B2%D0%B5%D0%BB+%D0%A1%D1%82%D0%BE%D0%BB%D0%B1%D0%BE%D0%B2%D1%81%D0%BA%D0%B8%D0%B9%22&limit=1 200
2026-01-25 10:40:31,527 [INFO] HTTP Request: POST https://html.duckduckgo.com/html/ "HTTP/2 200 OK"
2026-01-25 10:40:32,758 [INFO] response: https://yandex.com/search/site/?text=site%3Adumpor.com+%22%D0%9F%D0%B0%D0%B2%D0%B5%D0%BB+%D0%A1%D1%82%D0%BE%D0%BB%D0%B1%D0%BE%D0%B2%D1%81%D0%BA%D0%B8%D0%B9%22&web=1&searchid=2274789 200
2026-01-25 10:40:33,410 [INFO] response: https://search.brave.com/search?q=site%3Adumpor.com+%22%D0%9F%D0%B0%D0%B2%D0%B5%D0%BB+%D0%A1%D1%82%D0%BE%D0%BB%D0%B1%D0%BE%D0%B2%D1%81%D0%BA%D0%B8%D0%B9%22&source=web 200
2026-01-25 10:40:34,348 [INFO] response: https://www.mojeek.com/search?q=site%3Adumpor.com+%22%D0%9F%D0%B0%D0%B2%D0%B5%D0%BB+%D0%A1%D1%82%D0%BE%D0%BB%D0%B1%D0%BE%D0%B2%D1%81%D0%BA%D0%B8%D0%B9%22 403
2026-01-25 10:40:34,628 [INFO] response: https://www.google.com/search?q=site%3Adumpor.com+%22%D0%9F%D0%B0%D0%B2%D0%B5%D0%BB+%D0%A1%D1%82%D0%BE%D0%BB%D0%B1%D0%BE%D0%B2%D1%81%D0%BA%D0%B8%D0%B9%22&filter=1&start=0&hl=en-US&lr=lang_en&cr=countryUS 200
2026-01-25 10:42:00,284 [INFO] response: https://en.wikipedia.org/w/api.php?action=opensearch&profile=fuzzy&limit=1&search=site%3Agramhir.com%20%22%D0%9F%D0%B0%D0%B2%D0%B5%D0%BB%20%D0%A1%D1%82%D0%BE%D0%BB%D0%B1%D0%BE%D0%B2%D1%81%D0%BA%D0%B8%D0%B9%22 200
2026-01-25 10:42:00,719 [INFO] response: https://grokipedia.com/api/typeahead?query=site%3Agramhir.com+%22%D0%9F%D0%B0%D0%B2%D0%B5%D0%BB+%D0%A1%D1%82%D0%BE%D0%BB%D0%B1%D0%BE%D0%B2%D1%81%D0%BA%D0%B8%D0%B9%22&limit=1 200
2026-01-25 10:42:01,855 [INFO] response: https://www.mojeek.com/search?q=site%3Agramhir.com+%22%D0%9F%D0%B0%D0%B2%D0%B5%D0%BB+%D0%A1%D1%82%D0%BE%D0%BB%D0%B1%D0%BE%D0%B2%D1%81%D0%BA%D0%B8%D0%B9%22 403
2026-01-25 10:42:02,567 [INFO] response: https://search.brave.com/search?q=site%3Agramhir.com+%22%D0%9F%D0%B0%D0%B2%D0%B5%D0%BB+%D0%A1%D1%82%D0%BE%D0%BB%D0%B1%D0%BE%D0%B2%D1%81%D0%BA%D0%B8%D0%B9%22&source=web 200
2026-01-25 10:42:03,343 [INFO] response: https://search.yahoo.com/search;_ylt=1m6vQdEH9UAghUp6oWI0XKr8;_ylu=aaKQN4Yf6K4Kfd3D01hSAUzCFHHQsrjQfJzcaEdLYb91lPw?p=site%3Agramhir.com+%22%D0%9F%D0%B0%D0%B2%D0%B5%D0%BB+%D0%A1%D1%82%D0%BE%D0%BB%D0%B1%D0%BE%D0%B2%D1%81%D0%BA%D0%B8%D0%B9%22 200
2026-01-25 10:42:03,853 [INFO] response: https://www.google.com/search?q=site%3Agramhir.com+%22%D0%9F%D0%B0%D0%B2%D0%B5%D0%BB+%D0%A1%D1%82%D0%BE%D0%BB%D0%B1%D0%BE%D0%B2%D1%81%D0%BA%D0%B8%D0%B9%22&filter=1&start=0&hl=en-US&lr=lang_en&cr=countryUS 200
2026-01-25 10:42:05,294 [INFO] response: https://yandex.com/search/site/?text=site%3Agramhir.com+%22%D0%9F%D0%B0%D0%B2%D0%B5%D0%BB+%D0%A1%D1%82%D0%BE%D0%BB%D0%B1%D0%BE%D0%B2%D1%81%D0%BA%D0%B8%D0%B9%22&web=1&searchid=9911918 200
2026-01-25 10:44:18,956 [INFO] HTTP Request: POST http://127.0.0.1:11434/api/chat "HTTP/1.1 200 OK"
2026-01-25 10:44:26,420 [INFO] response: https://en.wikipedia.org/w/api.php?action=opensearch&profile=fuzzy&limit=1&search=site%3Atwstalker.com%20%22%D0%9F%D0%B0%D0%B2%D0%B5%D0%BB%20%D0%A1%D1%82%D0%BE%D0%BB%D0%B1%D0%BE%D0%B2%D1%81%D0%BA%D0%B8%D0%B9%22 200
2026-01-25 10:44:27,204 [INFO] response: https://grokipedia.com/api/typeahead?query=site%3Atwstalker.com+%22%D0%9F%D0%B0%D0%B2%D0%B5%D0%BB+%D0%A1%D1%82%D0%BE%D0%BB%D0%B1%D0%BE%D0%B2%D1%81%D0%BA%D0%B8%D0%B9%22&limit=1 200
2026-01-25 10:44:27,478 [INFO] response: https://www.google.com/search?q=site%3Atwstalker.com+%22%D0%9F%D0%B0%D0%B2%D0%B5%D0%BB+%D0%A1%D1%82%D0%BE%D0%BB%D0%B1%D0%BE%D0%B2%D1%81%D0%BA%D0%B8%D0%B9%22&filter=1&start=0&hl=en-US&lr=lang_en&cr=countryUS 200
2026-01-25 10:44:28,637 [INFO] HTTP Request: POST https://html.duckduckgo.com/html/ "HTTP/2 200 OK"
2026-01-25 10:44:29,961 [INFO] response: https://yandex.com/search/site/?text=site%3Atwstalker.com+%22%D0%9F%D0%B0%D0%B2%D0%B5%D0%BB+%D0%A1%D1%82%D0%BE%D0%BB%D0%B1%D0%BE%D0%B2%D1%81%D0%BA%D0%B8%D0%B9%22&web=1&searchid=1072706 200
2026-01-25 10:44:30,947 [INFO] response: https://search.brave.com/search?q=site%3Atwstalker.com+%22%D0%9F%D0%B0%D0%B2%D0%B5%D0%BB+%D0%A1%D1%82%D0%BE%D0%BB%D0%B1%D0%BE%D0%B2%D1%81%D0%BA%D0%B8%D0%B9%22&source=web 200
2026-01-25 10:46:34,382 [INFO] response: https://en.wikipedia.org/w/api.php?action=opensearch&profile=fuzzy&limit=1&search=site%3Afreetwitter.com%20%22%D0%9F%D0%B0%D0%B2%D0%B5%D0%BB%20%D0%A1%D1%82%D0%BE%D0%BB%D0%B1%D0%BE%D0%B2%D1%81%D0%BA%D0%B8%D0%B9%22 200
2026-01-25 10:46:36,988 [INFO] response: https://grokipedia.com/api/typeahead?query=site%3Afreetwitter.com+%22%D0%9F%D0%B0%D0%B2%D0%B5%D0%BB+%D0%A1%D1%82%D0%BE%D0%BB%D0%B1%D0%BE%D0%B2%D1%81%D0%BA%D0%B8%D0%B9%22&limit=1 200
2026-01-25 10:46:37,302 [INFO] response: https://www.google.com/search?q=site%3Afreetwitter.com+%22%D0%9F%D0%B0%D0%B2%D0%B5%D0%BB+%D0%A1%D1%82%D0%BE%D0%BB%D0%B1%D0%BE%D0%B2%D1%81%D0%BA%D0%B8%D0%B9%22&filter=1&start=0&hl=en-US&lr=lang_en&cr=countryUS 200
2026-01-25 10:46:38,100 [INFO] response: https://search.brave.com/search?q=site%3Afreetwitter.com+%22%D0%9F%D0%B0%D0%B2%D0%B5%D0%BB+%D0%A1%D1%82%D0%BE%D0%BB%D0%B1%D0%BE%D0%B2%D1%81%D0%BA%D0%B8%D0%B9%22&source=web 200
2026-01-25 10:46:39,132 [INFO] response: https://www.mojeek.com/search?q=site%3Afreetwitter.com+%22%D0%9F%D0%B0%D0%B2%D0%B5%D0%BB+%D0%A1%D1%82%D0%BE%D0%BB%D0%B1%D0%BE%D0%B2%D1%81%D0%BA%D0%B8%D0%B9%22 403
2026-01-25 10:46:40,450 [INFO] response: https://yandex.com/search/site/?text=site%3Afreetwitter.com+%22%D0%9F%D0%B0%D0%B2%D0%B5%D0%BB+%D0%A1%D1%82%D0%BE%D0%BB%D0%B1%D0%BE%D0%B2%D1%81%D0%BA%D0%B8%D0%B9%22&web=1&searchid=3980583 200
2026-01-25 10:46:41,316 [INFO] HTTP Request: POST https://html.duckduckgo.com/html/ "HTTP/2 200 OK"
2026-01-25 10:47:13,843 [INFO] response: https://en.wikipedia.org/w/api.php?action=opensearch&profile=fuzzy&limit=1&search=site%3Aimginn.com%20%22%D0%9F%D0%B0%D0%B2%D0%B5%D0%BB%20%D0%A1%D1%82%D0%BE%D0%BB%D0%B1%D0%BE%D0%B2%D1%81%D0%BA%D0%B8%D0%B9%22 200
2026-01-25 10:47:14,520 [INFO] response: https://grokipedia.com/api/typeahead?query=site%3Aimginn.com+%22%D0%9F%D0%B0%D0%B2%D0%B5%D0%BB+%D0%A1%D1%82%D0%BE%D0%BB%D0%B1%D0%BE%D0%B2%D1%81%D0%BA%D0%B8%D0%B9%22&limit=1 200
2026-01-25 10:47:15,761 [INFO] response: https://yandex.com/search/site/?text=site%3Aimginn.com+%22%D0%9F%D0%B0%D0%B2%D0%B5%D0%BB+%D0%A1%D1%82%D0%BE%D0%BB%D0%B1%D0%BE%D0%B2%D1%81%D0%BA%D0%B8%D0%B9%22&web=1&searchid=7347948 200
2026-01-25 10:47:16,412 [INFO] response: https://search.brave.com/search?q=site%3Aimginn.com+%22%D0%9F%D0%B0%D0%B2%D0%B5%D0%BB+%D0%A1%D1%82%D0%BE%D0%BB%D0%B1%D0%BE%D0%B2%D1%81%D0%BA%D0%B8%D0%B9%22&source=web 200
2026-01-25 10:47:17,163 [INFO] response: https://search.yahoo.com/search;_ylt=_4aCucHqyo0Zk8mo5LJd3lrN;_ylu=BWLW13HGEB45oqYzEodlaF2I7I-xn3dTBfm_zw-htmUt92U?p=site%3Aimginn.com+%22%D0%9F%D0%B0%D0%B2%D0%B5%D0%BB+%D0%A1%D1%82%D0%BE%D0%BB%D0%B1%D0%BE%D0%B2%D1%81%D0%BA%D0%B8%D0%B9%22 200
2026-01-25 10:48:56,381 [INFO] response: https://en.wikipedia.org/w/api.php?action=opensearch&profile=fuzzy&limit=1&search=site%3Apicuki.com%20%22%D0%9F%D0%B0%D0%B2%D0%B5%D0%BB%20%D0%A1%D1%82%D0%BE%D0%BB%D0%B1%D0%BE%D0%B2%D1%81%D0%BA%D0%B8%D0%B9%22 200
2026-01-25 10:48:56,710 [INFO] response: https://grokipedia.com/api/typeahead?query=site%3Apicuki.com+%22%D0%9F%D0%B0%D0%B2%D0%B5%D0%BB+%D0%A1%D1%82%D0%BE%D0%BB%D0%B1%D0%BE%D0%B2%D1%81%D0%BA%D0%B8%D0%B9%22&limit=1 200
2026-01-25 10:48:57,602 [INFO] HTTP Request: POST https://html.duckduckgo.com/html/ "HTTP/2 200 OK"
2026-01-25 10:50:00,506 [INFO] response: https://en.wikipedia.org/w/api.php?action=opensearch&profile=fuzzy&limit=1&search=%22%D0%9F%D0%B0%D0%B2%D0%B5%D0%BB%20%D0%A1%D1%82%D0%BE%D0%BB%D0%B1%D0%BE%D0%B2%D1%81%D0%BA%D0%B8%D0%B9%22%20%22%D0%91%D0%B0%D1%80%D0%BD%D0%B0%D1%83%D0%BB%22 200
2026-01-25 10:50:00,857 [INFO] response: https://grokipedia.com/api/typeahead?query=%22%D0%9F%D0%B0%D0%B2%D0%B5%D0%BB+%D0%A1%D1%82%D0%BE%D0%BB%D0%B1%D0%BE%D0%B2%D1%81%D0%BA%D0%B8%D0%B9%22+%22%D0%91%D0%B0%D1%80%D0%BD%D0%B0%D1%83%D0%BB%22&limit=1 200
2026-01-25 10:50:01,171 [INFO] HTTP Request: POST https://html.duckduckgo.com/html/ "HTTP/2 202 Accepted"
2026-01-25 10:50:02,660 [INFO] response: https://yandex.com/search/site/?text=%22%D0%9F%D0%B0%D0%B2%D0%B5%D0%BB+%D0%A1%D1%82%D0%BE%D0%BB%D0%B1%D0%BE%D0%B2%D1%81%D0%BA%D0%B8%D0%B9%22+%22%D0%91%D0%B0%D1%80%D0%BD%D0%B0%D1%83%D0%BB%22&web=1&searchid=9899644 200
2026-01-25 10:52:21,281 [INFO] HTTP Request: POST http://127.0.0.1:11434/api/chat "HTTP/1.1 200 OK"
2026-01-25 10:52:29,059 [INFO] response: https://en.wikipedia.org/w/api.php?action=opensearch&profile=fuzzy&limit=1&search=%22%2B79646032895%22 200
2026-01-25 10:52:29,233 [INFO] response: https://grokipedia.com/api/typeahead?query=%22%2B79646032895%22&limit=1 200
2026-01-25 10:52:30,314 [INFO] response: https://search.brave.com/search?q=%22%2B79646032895%22&source=web 200
2026-01-25 10:55:25,730 [INFO] response: https://grokipedia.com/api/typeahead?query=%D0%9F%D0%B0%D0%B2%D0%B5%D0%BB+%D0%A1%D1%82%D0%BE%D0%BB%D0%B1%D0%BE%D0%B2%D1%81%D0%BA%D0%B8%D0%B9+psychologist&limit=1 200
2026-01-25 10:55:25,740 [INFO] response: https://en.wikipedia.org/w/api.php?action=opensearch&profile=fuzzy&limit=1&search=%D0%9F%D0%B0%D0%B2%D0%B5%D0%BB%20%D0%A1%D1%82%D0%BE%D0%BB%D0%B1%D0%BE%D0%B2%D1%81%D0%BA%D0%B8%D0%B9%20psychologist 200
2026-01-25 10:55:27,053 [INFO] response: https://www.mojeek.com/search?q=%D0%9F%D0%B0%D0%B2%D0%B5%D0%BB+%D0%A1%D1%82%D0%BE%D0%BB%D0%B1%D0%BE%D0%B2%D1%81%D0%BA%D0%B8%D0%B9+psychologist 403
2026-01-25 10:55:27,344 [INFO] response: https://www.google.com/search?q=%D0%9F%D0%B0%D0%B2%D0%B5%D0%BB+%D0%A1%D1%82%D0%BE%D0%BB%D0%B1%D0%BE%D0%B2%D1%81%D0%BA%D0%B8%D0%B9+psychologist&filter=1&start=0&hl=en-US&lr=lang_en&cr=countryUS 200
2026-01-25 10:55:28,469 [INFO] HTTP Request: POST https://html.duckduckgo.com/html/ "HTTP/2 200 OK"
2026-01-25 10:56:56,331 [INFO] response: https://en.wikipedia.org/w/api.php?action=opensearch&profile=fuzzy&limit=1&search=pavelpsy.online 200
2026-01-25 10:56:57,063 [INFO] response: https://grokipedia.com/api/typeahead?query=pavelpsy.online&limit=1 200
2026-01-25 10:56:58,133 [INFO] response: https://search.brave.com/search?q=pavelpsy.online&source=web 200
2026-01-25 11:00:04,763 [INFO] response: https://en.wikipedia.org/w/api.php?action=opensearch&profile=fuzzy&limit=1&search=%40stolbovskiipavel 200
2026-01-25 11:00:05,011 [INFO] response: https://grokipedia.com/api/typeahead?query=%40stolbovskiipavel&limit=1 200
2026-01-25 11:00:06,340 [INFO] response: https://yandex.com/search/site/?text=%40stolbovskiipavel&web=1&searchid=7437275 200
2026-01-25 11:00:07,090 [INFO] response: https://search.yahoo.com/search;_ylt=KahvfIdojlqvVJB2v2wuMnVv;_ylu=50cXzHFp5baXftkjPecFftGCOB32ghn8v48EeEnt69VPJ9g?p=%40stolbovskiipavel 200
2026-01-25 11:00:08,560 [INFO] response: https://search.brave.com/search?q=%40stolbovskiipavel&source=web 200
2026-01-25 11:01:22,784 [INFO] response: https://en.wikipedia.org/w/api.php?action=opensearch&profile=fuzzy&limit=1&search=%D0%9F%D0%B0%D0%B2%D0%B5%D0%BB%20%D0%A1%D1%82%D0%BE%D0%BB%D0%B1%D0%BE%D0%B2%D1%81%D0%BA%D0%B8%D0%B9%20%D0%9F%D1%81%D0%B8%D1%85%D0%BE%D0%BB%D0%BE%D0%B3%D0%B8%D1%87%D0%B5%D1%81%D0%BA%D0%BE%D0%B5%20%D0%BA%D0%BE%D0%BD%D1%81%D1%83%D0%BB%D1%8C%D1%82%D0%B8%D1%80%D0%BE%D0%B2%D0%B0%D0%BD%D0%B8%D0%B5 200
2026-01-25 11:01:22,926 [INFO] response: https://grokipedia.com/api/typeahead?query=%D0%9F%D0%B0%D0%B2%D0%B5%D0%BB+%D0%A1%D1%82%D0%BE%D0%BB%D0%B1%D0%BE%D0%B2%D1%81%D0%BA%D0%B8%D0%B9+%D0%9F%D1%81%D0%B8%D1%85%D0%BE%D0%BB%D0%BE%D0%B3%D0%B8%D1%87%D0%B5%D1%81%D0%BA%D0%BE%D0%B5+%D0%BA%D0%BE%D0%BD%D1%81%D1%83%D0%BB%D1%8C%D1%82%D0%B8%D1%80%D0%BE%D0%B2%D0%B0%D0%BD%D0%B8%D0%B5&limit=1 200
2026-01-25 11:01:24,435 [INFO] response: https://www.mojeek.com/search?q=%D0%9F%D0%B0%D0%B2%D0%B5%D0%BB+%D0%A1%D1%82%D0%BE%D0%BB%D0%B1%D0%BE%D0%B2%D1%81%D0%BA%D0%B8%D0%B9+%D0%9F%D1%81%D0%B8%D1%85%D0%BE%D0%BB%D0%BE%D0%B3%D0%B8%D1%87%D0%B5%D1%81%D0%BA%D0%BE%D0%B5+%D0%BA%D0%BE%D0%BD%D1%81%D1%83%D0%BB%D1%8C%D1%82%D0%B8%D1%80%D0%BE%D0%B2%D0%B0%D0%BD%D0%B8%D0%B5 403
2026-01-25 11:01:25,387 [INFO] HTTP Request: POST https://html.duckduckgo.com/html/ "HTTP/2 200 OK"
2026-01-25 11:01:34,863 [INFO] HTTP Request: POST http://127.0.0.1:11434/api/chat "HTTP/1.1 200 OK"
2026-01-25 11:01:42,189 [INFO] HTTP Request: POST http://127.0.0.1:11434/api/chat "HTTP/1.1 200 OK"
2026-01-25 11:02:21,994 [INFO] Response Status: 200
2026-01-30 00:47:11,877 [INFO] Incoming Request: POST /api/analyze
2026-01-30 00:47:11,890 [INFO] --- STARTING ANALYSIS FOR: Анна Чемерис ---
2026-01-30 00:47:14,780 [INFO] response: https://en.wikipedia.org/w/api.php?action=opensearch&profile=fuzzy&limit=1&search=site%3Anitter.net%20%22%D0%90%D0%BD%D0%BD%D0%B0%20%D0%A7%D0%B5%D0%BC%D0%B5%D1%80%D0%B8%D1%81%22 200
2026-01-30 00:47:16,186 [INFO] response: https://grokipedia.com/api/typeahead?query=site%3Anitter.net+%22%D0%90%D0%BD%D0%BD%D0%B0+%D0%A7%D0%B5%D0%BC%D0%B5%D1%80%D0%B8%D1%81%22&limit=1 200
2026-01-30 00:47:17,667 [INFO] response: https://www.mojeek.com/search?q=site%3Anitter.net+%22%D0%90%D0%BD%D0%BD%D0%B0+%D0%A7%D0%B5%D0%BC%D0%B5%D1%80%D0%B8%D1%81%22 200
2026-01-30 00:47:18,856 [INFO] response: https://search.brave.com/search?q=site%3Anitter.net+%22%D0%90%D0%BD%D0%BD%D0%B0+%D0%A7%D0%B5%D0%BC%D0%B5%D1%80%D0%B8%D1%81%22&source=web 200
2026-01-30 00:49:47,225 [INFO] response: https://en.wikipedia.org/w/api.php?action=opensearch&profile=fuzzy&limit=1&search=site%3Aanonigviewer.com%20%22%D0%90%D0%BD%D0%BD%D0%B0%20%D0%A7%D0%B5%D0%BC%D0%B5%D1%80%D0%B8%D1%81%22 200
2026-01-30 00:49:48,126 [INFO] response: https://grokipedia.com/api/typeahead?query=site%3Aanonigviewer.com+%22%D0%90%D0%BD%D0%BD%D0%B0+%D0%A7%D0%B5%D0%BC%D0%B5%D1%80%D0%B8%D1%81%22&limit=1 200
2026-01-30 00:49:49,094 [INFO] response: https://search.yahoo.com/search;_ylt=obYHFLPZnfnnU8j4ZmKN5JcO;_ylu=Fe7eh-Is9boy-GPd00NSHNdcO6Q_U2jsJmvMqxdIQMP3-ZE?p=site%3Aanonigviewer.com+%22%D0%90%D0%BD%D0%BD%D0%B0+%D0%A7%D0%B5%D0%BC%D0%B5%D1%80%D0%B8%D1%81%22 200
2026-01-30 00:49:50,644 [INFO] response: https://yandex.com/search/site/?text=site%3Aanonigviewer.com+%22%D0%90%D0%BD%D0%BD%D0%B0+%D0%A7%D0%B5%D0%BC%D0%B5%D1%80%D0%B8%D1%81%22&web=1&searchid=6963875 200
2026-01-30 00:49:50,943 [INFO] response: https://www.google.com/search?q=site%3Aanonigviewer.com+%22%D0%90%D0%BD%D0%BD%D0%B0+%D0%A7%D0%B5%D0%BC%D0%B5%D1%80%D0%B8%D1%81%22&filter=1&start=0&hl=en-US&lr=lang_en&cr=countryUS 200
2026-01-30 00:49:52,391 [INFO] response: https://www.mojeek.com/search?q=site%3Aanonigviewer.com+%22%D0%90%D0%BD%D0%BD%D0%B0+%D0%A7%D0%B5%D0%BC%D0%B5%D1%80%D0%B8%D1%81%22 200
2026-01-30 00:49:53,352 [INFO] response: https://search.brave.com/search?q=site%3Aanonigviewer.com+%22%D0%90%D0%BD%D0%BD%D0%B0+%D0%A7%D0%B5%D0%BC%D0%B5%D1%80%D0%B8%D1%81%22&source=web 200
2026-01-30 00:49:54,272 [INFO] HTTP Request: POST https://html.duckduckgo.com/html/ "HTTP/2 200 OK"
2026-01-30 00:49:57,554 [INFO] response: https://en.wikipedia.org/w/api.php?action=opensearch&profile=fuzzy&limit=1&search=site%3Agreatfon.com%20%22%D0%90%D0%BD%D0%BD%D0%B0%20%D0%A7%D0%B5%D0%BC%D0%B5%D1%80%D0%B8%D1%81%22 200
2026-01-30 00:49:58,128 [INFO] response: https://grokipedia.com/api/typeahead?query=site%3Agreatfon.com+%22%D0%90%D0%BD%D0%BD%D0%B0+%D0%A7%D0%B5%D0%BC%D0%B5%D1%80%D0%B8%D1%81%22&limit=1 200
2026-01-30 00:49:58,853 [INFO] response: https://search.yahoo.com/search;_ylt=Cz7My7r-Lxd1gjFSg2Rwk3Dm;_ylu=gYMh5FRGi3bb5KIfrFGAVgd4WbnQsOaIsZT0XycphBCJrYw?p=site%3Agreatfon.com+%22%D0%90%D0%BD%D0%BD%D0%B0+%D0%A7%D0%B5%D0%BC%D0%B5%D1%80%D0%B8%D1%81%22 200
2026-01-30 00:49:59,742 [INFO] response: https://search.brave.com/search?q=site%3Agreatfon.com+%22%D0%90%D0%BD%D0%BD%D0%B0+%D0%A7%D0%B5%D0%BC%D0%B5%D1%80%D0%B8%D1%81%22&source=web 200
2026-01-30 00:50:00,591 [INFO] HTTP Request: POST https://html.duckduckgo.com/html/ "HTTP/2 200 OK"
2026-01-30 00:50:00,834 [INFO] response: https://www.google.com/search?q=site%3Agreatfon.com+%22%D0%90%D0%BD%D0%BD%D0%B0+%D0%A7%D0%B5%D0%BC%D0%B5%D1%80%D0%B8%D1%81%22&filter=1&start=0&hl=en-US&lr=lang_en&cr=countryUS 200
2026-01-30 00:50:02,243 [INFO] response: https://yandex.com/search/site/?text=site%3Agreatfon.com+%22%D0%90%D0%BD%D0%BD%D0%B0+%D0%A7%D0%B5%D0%BC%D0%B5%D1%80%D0%B8%D1%81%22&web=1&searchid=8511264 200
2026-01-30 00:50:03,666 [INFO] response: https://www.mojeek.com/search?q=site%3Agreatfon.com+%22%D0%90%D0%BD%D0%BD%D0%B0+%D0%A7%D0%B5%D0%BC%D0%B5%D1%80%D0%B8%D1%81%22 200
2026-01-30 00:50:05,915 [INFO] response: https://en.wikipedia.org/w/api.php?action=opensearch&profile=fuzzy&limit=1&search=site%3Adumpor.com%20%22%D0%90%D0%BD%D0%BD%D0%B0%20%D0%A7%D0%B5%D0%BC%D0%B5%D1%80%D0%B8%D1%81%22 200
2026-01-30 00:50:06,448 [INFO] response: https://grokipedia.com/api/typeahead?query=site%3Adumpor.com+%22%D0%90%D0%BD%D0%BD%D0%B0+%D0%A7%D0%B5%D0%BC%D0%B5%D1%80%D0%B8%D1%81%22&limit=1 200
2026-01-30 00:50:07,299 [INFO] response: https://search.brave.com/search?q=site%3Adumpor.com+%22%D0%90%D0%BD%D0%BD%D0%B0+%D0%A7%D0%B5%D0%BC%D0%B5%D1%80%D0%B8%D1%81%22&source=web 200
2026-01-30 00:50:08,835 [INFO] response: https://yandex.com/search/site/?text=site%3Adumpor.com+%22%D0%90%D0%BD%D0%BD%D0%B0+%D0%A7%D0%B5%D0%BC%D0%B5%D1%80%D0%B8%D1%81%22&web=1&searchid=7289807 200
2026-01-30 00:50:09,538 [INFO] response: https://search.yahoo.com/search;_ylt=U5pnNZUPrDHOu67DFxSomcz8;_ylu=NJo3NuT8MlC2NAhNGQD1cUsi86OgxR6sgH_KDtXS0ABvkHk?p=site%3Adumpor.com+%22%D0%90%D0%BD%D0%BD%D0%B0+%D0%A7%D0%B5%D0%BC%D0%B5%D1%80%D0%B8%D1%81%22 200
2026-01-30 00:50:11,050 [INFO] response: https://www.mojeek.com/search?q=site%3Adumpor.com+%22%D0%90%D0%BD%D0%BD%D0%B0+%D0%A7%D0%B5%D0%BC%D0%B5%D1%80%D0%B8%D1%81%22 200
2026-01-30 00:50:11,568 [INFO] response: https://www.google.com/search?q=site%3Adumpor.com+%22%D0%90%D0%BD%D0%BD%D0%B0+%D0%A7%D0%B5%D0%BC%D0%B5%D1%80%D0%B8%D1%81%22&filter=1&start=0&hl=en-US&lr=lang_en&cr=countryUS 200
2026-01-30 00:50:12,054 [INFO] HTTP Request: POST https://html.duckduckgo.com/html/ "HTTP/2 202 Accepted"
2026-01-30 00:50:14,121 [WARNING] KeyError('html') - backend is not exist or disabled. Available: brave, duckduckgo, google, grokipedia, mojeek, wikipedia, yahoo, yandex. Using 'auto'
2026-01-30 00:50:14,588 [INFO] response: https://en.wikipedia.org/w/api.php?action=opensearch&profile=fuzzy&limit=1&search=site%3Adumpor.com%20%22%D0%90%D0%BD%D0%BD%D0%B0%20%D0%A7%D0%B5%D0%BC%D0%B5%D1%80%D0%B8%D1%81%22 200
2026-01-30 00:50:15,420 [INFO] response: https://grokipedia.com/api/typeahead?query=site%3Adumpor.com+%22%D0%90%D0%BD%D0%BD%D0%B0+%D0%A7%D0%B5%D0%BC%D0%B5%D1%80%D0%B8%D1%81%22&limit=1 200
2026-01-30 00:50:16,121 [INFO] response: https://search.yahoo.com/search;_ylt=6xS5VTSDZe6X__FhCSyOYy8u;_ylu=AZ7Nv1WKaUAPMGx8bAcjVCdxPhh1MwbwanV4YMjJSmgpP2A?p=site%3Adumpor.com+%22%D0%90%D0%BD%D0%BD%D0%B0+%D0%A7%D0%B5%D0%BC%D0%B5%D1%80%D0%B8%D1%81%22 200
2026-01-30 00:50:16,560 [INFO] response: https://www.google.com/search?q=site%3Adumpor.com+%22%D0%90%D0%BD%D0%BD%D0%B0+%D0%A7%D0%B5%D0%BC%D0%B5%D1%80%D0%B8%D1%81%22&filter=1&start=0&hl=en-US&lr=lang_en&cr=countryUS 200
2026-01-30 00:50:18,570 [INFO] response: https://yandex.com/search/site/?text=site%3Adumpor.com+%22%D0%90%D0%BD%D0%BD%D0%B0+%D0%A7%D0%B5%D0%BC%D0%B5%D1%80%D0%B8%D1%81%22&web=1&searchid=3262088 200
2026-01-30 00:50:19,851 [INFO] response: https://www.mojeek.com/search?q=site%3Adumpor.com+%22%D0%90%D0%BD%D0%BD%D0%B0+%D0%A7%D0%B5%D0%BC%D0%B5%D1%80%D0%B8%D1%81%22 200
2026-01-30 00:50:20,411 [INFO] HTTP Request: POST https://html.duckduckgo.com/html/ "HTTP/2 202 Accepted"
2026-01-30 00:50:20,867 [INFO] response: https://search.brave.com/search?q=site%3Adumpor.com+%22%D0%90%D0%BD%D0%BD%D0%B0+%D0%A7%D0%B5%D0%BC%D0%B5%D1%80%D0%B8%D1%81%22&source=web 200
2026-01-30 00:50:22,734 [INFO] response: https://en.wikipedia.org/w/api.php?action=opensearch&profile=fuzzy&limit=1&search=site%3Agramhir.com%20%22%D0%90%D0%BD%D0%BD%D0%B0%20%D0%A7%D0%B5%D0%BC%D0%B5%D1%80%D0%B8%D1%81%22 200
2026-01-30 00:50:23,281 [INFO] response: https://grokipedia.com/api/typeahead?query=site%3Agramhir.com+%22%D0%90%D0%BD%D0%BD%D0%B0+%D0%A7%D0%B5%D0%BC%D0%B5%D1%80%D0%B8%D1%81%22&limit=1 200
2026-01-30 00:50:23,690 [INFO] response: https://search.brave.com/search?q=site%3Agramhir.com+%22%D0%90%D0%BD%D0%BD%D0%B0+%D0%A7%D0%B5%D0%BC%D0%B5%D1%80%D0%B8%D1%81%22&source=web 429
2026-01-30 00:50:23,958 [INFO] response: https://www.google.com/search?q=site%3Agramhir.com+%22%D0%90%D0%BD%D0%BD%D0%B0+%D0%A7%D0%B5%D0%BC%D0%B5%D1%80%D0%B8%D1%81%22&filter=1&start=0&hl=en-US&lr=lang_en&cr=countryUS 200
2026-01-30 00:50:25,481 [INFO] response: https://www.mojeek.com/search?q=site%3Agramhir.com+%22%D0%90%D0%BD%D0%BD%D0%B0+%D0%A7%D0%B5%D0%BC%D0%B5%D1%80%D0%B8%D1%81%22 200
2026-01-30 00:50:27,712 [INFO] response: https://yandex.com/search/site/?text=site%3Agramhir.com+%22%D0%90%D0%BD%D0%BD%D0%B0+%D0%A7%D0%B5%D0%BC%D0%B5%D1%80%D0%B8%D1%81%22&web=1&searchid=1213139 200
2026-01-30 00:50:28,049 [INFO] HTTP Request: POST https://html.duckduckgo.com/html/ "HTTP/2 202 Accepted"
2026-01-30 00:50:28,779 [INFO] response: https://search.yahoo.com/search;_ylt=tEgBlSFYOxTIi3_4v_XvguSq;_ylu=7jk93hZx0Vwmahcjm3qhEx9HGuZzuPnp8ubCjDjyuijJ8UQ?p=site%3Agramhir.com+%22%D0%90%D0%BD%D0%BD%D0%B0+%D0%A7%D0%B5%D0%BC%D0%B5%D1%80%D0%B8%D1%81%22 200
2026-01-30 00:50:30,987 [WARNING] KeyError('html') - backend is not exist or disabled. Available: brave, duckduckgo, google, grokipedia, mojeek, wikipedia, yahoo, yandex. Using 'auto'
2026-01-30 00:50:31,442 [INFO] response: https://en.wikipedia.org/w/api.php?action=opensearch&profile=fuzzy&limit=1&search=site%3Agramhir.com%20%22%D0%90%D0%BD%D0%BD%D0%B0%20%D0%A7%D0%B5%D0%BC%D0%B5%D1%80%D0%B8%D1%81%22 200
2026-01-30 00:50:32,253 [INFO] response: https://grokipedia.com/api/typeahead?query=site%3Agramhir.com+%22%D0%90%D0%BD%D0%BD%D0%B0+%D0%A7%D0%B5%D0%BC%D0%B5%D1%80%D0%B8%D1%81%22&limit=1 200
2026-01-30 00:50:33,913 [INFO] response: https://yandex.com/search/site/?text=site%3Agramhir.com+%22%D0%90%D0%BD%D0%BD%D0%B0+%D0%A7%D0%B5%D0%BC%D0%B5%D1%80%D0%B8%D1%81%22&web=1&searchid=2955136 200
2026-01-30 00:50:34,634 [INFO] response: https://search.yahoo.com/search;_ylt=yFb-l-Qg584fwIAogmSBwG1T;_ylu=auLYfHj739hbeFLwBJv2_u-1tWvqUCiSx4OW1D7FZ2ldZPw?p=site%3Agramhir.com+%22%D0%90%D0%BD%D0%BD%D0%B0+%D0%A7%D0%B5%D0%BC%D0%B5%D1%80%D0%B8%D1%81%22 200
2026-01-30 00:50:35,148 [INFO] response: https://www.google.com/search?q=site%3Agramhir.com+%22%D0%90%D0%BD%D0%BD%D0%B0+%D0%A7%D0%B5%D0%BC%D0%B5%D1%80%D0%B8%D1%81%22&filter=1&start=0&hl=en-US&lr=lang_en&cr=countryUS 200
2026-01-30 00:50:35,619 [INFO] HTTP Request: POST https://html.duckduckgo.com/html/ "HTTP/2 202 Accepted"
2026-01-30 00:50:36,070 [INFO] response: https://search.brave.com/search?q=site%3Agramhir.com+%22%D0%90%D0%BD%D0%BD%D0%B0+%D0%A7%D0%B5%D0%BC%D0%B5%D1%80%D0%B8%D1%81%22&source=web 429
2026-01-30 00:50:37,399 [INFO] response: https://www.mojeek.com/search?q=site%3Agramhir.com+%22%D0%90%D0%BD%D0%BD%D0%B0+%D0%A7%D0%B5%D0%BC%D0%B5%D1%80%D0%B8%D1%81%22 200
2026-01-30 00:50:39,510 [INFO] response: https://en.wikipedia.org/w/api.php?action=opensearch&profile=fuzzy&limit=1&search=site%3Atwstalker.com%20%22%D0%90%D0%BD%D0%BD%D0%B0%20%D0%A7%D0%B5%D0%BC%D0%B5%D1%80%D0%B8%D1%81%22 200
2026-01-30 00:50:40,199 [INFO] response: https://grokipedia.com/api/typeahead?query=site%3Atwstalker.com+%22%D0%90%D0%BD%D0%BD%D0%B0+%D0%A7%D0%B5%D0%BC%D0%B5%D1%80%D0%B8%D1%81%22&limit=1 200
2026-01-30 00:50:40,533 [INFO] HTTP Request: POST https://html.duckduckgo.com/html/ "HTTP/2 202 Accepted"
2026-01-30 00:50:40,856 [INFO] response: https://www.google.com/search?q=site%3Atwstalker.com+%22%D0%90%D0%BD%D0%BD%D0%B0+%D0%A7%D0%B5%D0%BC%D0%B5%D1%80%D0%B8%D1%81%22&filter=1&start=0&hl=en-US&lr=lang_en&cr=countryUS 200
2026-01-30 00:50:41,713 [INFO] response: https://search.yahoo.com/search;_ylt=PJIajCqn1SZ24GNDsoMpakGo;_ylu=g-jLUhfrCgWhxWdaDwRXuSJam6ThjzSKE8RQontXBAZ1vK4?p=site%3Atwstalker.com+%22%D0%90%D0%BD%D0%BD%D0%B0+%D0%A7%D0%B5%D0%BC%D0%B5%D1%80%D0%B8%D1%81%22 200
2026-01-30 00:50:42,304 [INFO] response: https://search.brave.com/search?q=site%3Atwstalker.com+%22%D0%90%D0%BD%D0%BD%D0%B0+%D0%A7%D0%B5%D0%BC%D0%B5%D1%80%D0%B8%D1%81%22&source=web 429
2026-01-30 00:50:43,776 [INFO] response: https://www.mojeek.com/search?q=site%3Atwstalker.com+%22%D0%90%D0%BD%D0%BD%D0%B0+%D0%A7%D0%B5%D0%BC%D0%B5%D1%80%D0%B8%D1%81%22 200
2026-01-30 00:50:45,354 [INFO] response: https://yandex.com/search/site/?text=site%3Atwstalker.com+%22%D0%90%D0%BD%D0%BD%D0%B0+%D0%A7%D0%B5%D0%BC%D0%B5%D1%80%D0%B8%D1%81%22&web=1&searchid=4260853 200
2026-01-30 00:50:47,364 [WARNING] KeyError('html') - backend is not exist or disabled. Available: brave, duckduckgo, google, grokipedia, mojeek, wikipedia, yahoo, yandex. Using 'auto'
2026-01-30 00:50:47,796 [INFO] response: https://en.wikipedia.org/w/api.php?action=opensearch&profile=fuzzy&limit=1&search=site%3Atwstalker.com%20%22%D0%90%D0%BD%D0%BD%D0%B0%20%D0%A7%D0%B5%D0%BC%D0%B5%D1%80%D0%B8%D1%81%22 200
2026-01-30 00:50:49,114 [INFO] response: https://grokipedia.com/api/typeahead?query=site%3Atwstalker.com+%22%D0%90%D0%BD%D0%BD%D0%B0+%D0%A7%D0%B5%D0%BC%D0%B5%D1%80%D0%B8%D1%81%22&limit=1 200
2026-01-30 00:50:50,044 [INFO] response: https://www.mojeek.com/search?q=site%3Atwstalker.com+%22%D0%90%D0%BD%D0%BD%D0%B0+%D0%A7%D0%B5%D0%BC%D0%B5%D1%80%D0%B8%D1%81%22 200
2026-01-30 00:50:50,629 [INFO] response: https://search.brave.com/search?q=site%3Atwstalker.com+%22%D0%90%D0%BD%D0%BD%D0%B0+%D0%A7%D0%B5%D0%BC%D0%B5%D1%80%D0%B8%D1%81%22&source=web 429
2026-01-30 00:50:51,024 [INFO] response: https://www.google.com/search?q=site%3Atwstalker.com+%22%D0%90%D0%BD%D0%BD%D0%B0+%D0%A7%D0%B5%D0%BC%D0%B5%D1%80%D0%B8%D1%81%22&filter=1&start=0&hl=en-US&lr=lang_en&cr=countryUS 200
2026-01-30 00:50:51,481 [INFO] HTTP Request: POST https://html.duckduckgo.com/html/ "HTTP/2 202 Accepted"
2026-01-30 00:50:52,274 [INFO] response: https://search.yahoo.com/search;_ylt=lvbjqOFdlpUnZMmEW_fUHi6m;_ylu=ZCci80682awYG0b_gkqBFLR_ER4Pj_A-tJbiPYXcuaiLDZo?p=site%3Atwstalker.com+%22%D0%90%D0%BD%D0%BD%D0%B0+%D0%A7%D0%B5%D0%BC%D0%B5%D1%80%D0%B8%D1%81%22 200
2026-01-30 00:50:53,620 [INFO] response: https://yandex.com/search/site/?text=site%3Atwstalker.com+%22%D0%90%D0%BD%D0%BD%D0%B0+%D0%A7%D0%B5%D0%BC%D0%B5%D1%80%D0%B8%D1%81%22&web=1&searchid=9148760 200
2026-01-30 00:50:55,632 [INFO] response: https://en.wikipedia.org/w/api.php?action=opensearch&profile=fuzzy&limit=1&search=site%3Afreetwitter.com%20%22%D0%90%D0%BD%D0%BD%D0%B0%20%D0%A7%D0%B5%D0%BC%D0%B5%D1%80%D0%B8%D1%81%22 200
2026-01-30 00:50:56,115 [INFO] response: https://grokipedia.com/api/typeahead?query=site%3Afreetwitter.com+%22%D0%90%D0%BD%D0%BD%D0%B0+%D0%A7%D0%B5%D0%BC%D0%B5%D1%80%D0%B8%D1%81%22&limit=1 200
2026-01-30 00:50:56,353 [INFO] response: https://www.google.com/search?q=site%3Afreetwitter.com+%22%D0%90%D0%BD%D0%BD%D0%B0+%D0%A7%D0%B5%D0%BC%D0%B5%D1%80%D0%B8%D1%81%22&filter=1&start=0&hl=en-US&lr=lang_en&cr=countryUS 200
2026-01-30 00:50:57,231 [INFO] response: https://search.yahoo.com/search;_ylt=LzpgdSB8nmzFg_qCA_fRsPkp;_ylu=ATGwn5x5lS5f5DetQ6RFPft2EG_09Mk-iQaCTUwhSIM3NP0?p=site%3Afreetwitter.com+%22%D0%90%D0%BD%D0%BD%D0%B0+%D0%A7%D0%B5%D0%BC%D0%B5%D1%80%D0%B8%D1%81%22 200
2026-01-30 00:50:58,688 [INFO] response: https://www.mojeek.com/search?q=site%3Afreetwitter.com+%22%D0%90%D0%BD%D0%BD%D0%B0+%D0%A7%D0%B5%D0%BC%D0%B5%D1%80%D0%B8%D1%81%22 200
2026-01-30 00:50:59,212 [INFO] HTTP Request: POST https://html.duckduckgo.com/html/ "HTTP/2 202 Accepted"
2026-01-30 00:50:59,681 [INFO] response: https://search.brave.com/search?q=site%3Afreetwitter.com+%22%D0%90%D0%BD%D0%BD%D0%B0+%D0%A7%D0%B5%D0%BC%D0%B5%D1%80%D0%B8%D1%81%22&source=web 429
2026-01-30 00:51:00,913 [INFO] response: https://yandex.com/search/site/?text=site%3Afreetwitter.com+%22%D0%90%D0%BD%D0%BD%D0%B0+%D0%A7%D0%B5%D0%BC%D0%B5%D1%80%D0%B8%D1%81%22&web=1&searchid=2874433 200
2026-01-30 00:51:02,943 [WARNING] KeyError('html') - backend is not exist or disabled. Available: brave, duckduckgo, google, grokipedia, mojeek, wikipedia, yahoo, yandex. Using 'auto'
2026-01-30 00:51:03,381 [INFO] response: https://en.wikipedia.org/w/api.php?action=opensearch&profile=fuzzy&limit=1&search=site%3Afreetwitter.com%20%22%D0%90%D0%BD%D0%BD%D0%B0%20%D0%A7%D0%B5%D0%BC%D0%B5%D1%80%D0%B8%D1%81%22 200
2026-01-30 00:51:04,010 [INFO] response: https://grokipedia.com/api/typeahead?query=site%3Afreetwitter.com+%22%D0%90%D0%BD%D0%BD%D0%B0+%D0%A7%D0%B5%D0%BC%D0%B5%D1%80%D0%B8%D1%81%22&limit=1 200
2026-01-30 00:51:05,309 [INFO] response: https://www.mojeek.com/search?q=site%3Afreetwitter.com+%22%D0%90%D0%BD%D0%BD%D0%B0+%D0%A7%D0%B5%D0%BC%D0%B5%D1%80%D0%B8%D1%81%22 200
2026-01-30 00:51:05,891 [INFO] response: https://www.google.com/search?q=site%3Afreetwitter.com+%22%D0%90%D0%BD%D0%BD%D0%B0+%D0%A7%D0%B5%D0%BC%D0%B5%D1%80%D0%B8%D1%81%22&filter=1&start=0&hl=en-US&lr=lang_en&cr=countryUS 200
2026-01-30 00:51:07,178 [INFO] response: https://yandex.com/search/site/?text=site%3Afreetwitter.com+%22%D0%90%D0%BD%D0%BD%D0%B0+%D0%A7%D0%B5%D0%BC%D0%B5%D1%80%D0%B8%D1%81%22&web=1&searchid=7608164 200
2026-01-30 00:51:08,023 [INFO] response: https://search.yahoo.com/search;_ylt=8rY0_8XhSLMq5OF6qZqJ0GAl;_ylu=0BjSxK6dSIA5YTzbmExPqlwAFuAjKDiS3C-RwgqbAM1yoBQ?p=site%3Afreetwitter.com+%22%D0%90%D0%BD%D0%BD%D0%B0+%D0%A7%D0%B5%D0%BC%D0%B5%D1%80%D0%B8%D1%81%22 200
2026-01-30 00:51:08,330 [INFO] HTTP Request: POST https://html.duckduckgo.com/html/ "HTTP/2 202 Accepted"
2026-01-30 00:51:09,272 [INFO] response: https://search.brave.com/search?q=site%3Afreetwitter.com+%22%D0%90%D0%BD%D0%BD%D0%B0+%D0%A7%D0%B5%D0%BC%D0%B5%D1%80%D0%B8%D1%81%22&source=web 429
2026-01-30 00:51:11,596 [INFO] response: https://en.wikipedia.org/w/api.php?action=opensearch&profile=fuzzy&limit=1&search=site%3Aimginn.com%20%22%D0%90%D0%BD%D0%BD%D0%B0%20%D0%A7%D0%B5%D0%BC%D0%B5%D1%80%D0%B8%D1%81%22 200
2026-01-30 00:51:12,602 [INFO] response: https://grokipedia.com/api/typeahead?query=site%3Aimginn.com+%22%D0%90%D0%BD%D0%BD%D0%B0+%D0%A7%D0%B5%D0%BC%D0%B5%D1%80%D0%B8%D1%81%22&limit=1 200
2026-01-30 00:51:13,307 [INFO] response: https://search.yahoo.com/search;_ylt=vm661-hgR6W2J23FXVT7UY5K;_ylu=pkhnNMENEyBmwEQQu3l_yvFa3RVoq3O3xKR5n1N1-ORvW18?p=site%3Aimginn.com+%22%D0%90%D0%BD%D0%BD%D0%B0+%D0%A7%D0%B5%D0%BC%D0%B5%D1%80%D0%B8%D1%81%22 200
2026-01-30 00:51:15,030 [INFO] response: https://yandex.com/search/site/?text=site%3Aimginn.com+%22%D0%90%D0%BD%D0%BD%D0%B0+%D0%A7%D0%B5%D0%BC%D0%B5%D1%80%D0%B8%D1%81%22&web=1&searchid=9558956 200
2026-01-30 00:51:16,029 [INFO] response: https://www.mojeek.com/search?q=site%3Aimginn.com+%22%D0%90%D0%BD%D0%BD%D0%B0+%D0%A7%D0%B5%D0%BC%D0%B5%D1%80%D0%B8%D1%81%22 200
2026-01-30 00:51:16,518 [INFO] response: https://www.google.com/search?q=site%3Aimginn.com+%22%D0%90%D0%BD%D0%BD%D0%B0+%D0%A7%D0%B5%D0%BC%D0%B5%D1%80%D0%B8%D1%81%22&filter=1&start=0&hl=en-US&lr=lang_en&cr=countryUS 200
2026-01-30 00:51:16,995 [INFO] HTTP Request: POST https://html.duckduckgo.com/html/ "HTTP/2 202 Accepted"
2026-01-30 00:51:17,401 [INFO] response: https://search.brave.com/search?q=site%3Aimginn.com+%22%D0%90%D0%BD%D0%BD%D0%B0+%D0%A7%D0%B5%D0%BC%D0%B5%D1%80%D0%B8%D1%81%22&source=web 429
2026-01-30 00:51:19,466 [WARNING] KeyError('html') - backend is not exist or disabled. Available: brave, duckduckgo, google, grokipedia, mojeek, wikipedia, yahoo, yandex. Using 'auto'
2026-01-30 00:51:19,918 [INFO] response: https://en.wikipedia.org/w/api.php?action=opensearch&profile=fuzzy&limit=1&search=site%3Aimginn.com%20%22%D0%90%D0%BD%D0%BD%D0%B0%20%D0%A7%D0%B5%D0%BC%D0%B5%D1%80%D0%B8%D1%81%22 200
2026-01-30 00:51:20,618 [INFO] response: https://grokipedia.com/api/typeahead?query=site%3Aimginn.com+%22%D0%90%D0%BD%D0%BD%D0%B0+%D0%A7%D0%B5%D0%BC%D0%B5%D1%80%D0%B8%D1%81%22&limit=1 200
2026-01-30 00:51:20,920 [INFO] HTTP Request: POST https://html.duckduckgo.com/html/ "HTTP/2 202 Accepted"
2026-01-30 00:51:21,225 [INFO] response: https://www.google.com/search?q=site%3Aimginn.com+%22%D0%90%D0%BD%D0%BD%D0%B0+%D0%A7%D0%B5%D0%BC%D0%B5%D1%80%D0%B8%D1%81%22&filter=1&start=0&hl=en-US&lr=lang_en&cr=countryUS 200
2026-01-30 00:51:22,570 [INFO] response: https://yandex.com/search/site/?text=site%3Aimginn.com+%22%D0%90%D0%BD%D0%BD%D0%B0+%D0%A7%D0%B5%D0%BC%D0%B5%D1%80%D0%B8%D1%81%22&web=1&searchid=5996072 200
2026-01-30 00:51:23,009 [INFO] response: https://search.brave.com/search?q=site%3Aimginn.com+%22%D0%90%D0%BD%D0%BD%D0%B0+%D0%A7%D0%B5%D0%BC%D0%B5%D1%80%D0%B8%D1%81%22&source=web 429
2026-01-30 00:51:23,787 [INFO] response: https://search.yahoo.com/search;_ylt=GibQXeTjosfKbkGl7bO8f9Bo;_ylu=1EwYR1NUz8vRuhw9YQKbrK3pnkYN94LfkVl3SBR2FwUVz-U?p=site%3Aimginn.com+%22%D0%90%D0%BD%D0%BD%D0%B0+%D0%A7%D0%B5%D0%BC%D0%B5%D1%80%D0%B8%D1%81%22 200
2026-01-30 00:51:25,145 [INFO] response: https://www.mojeek.com/search?q=site%3Aimginn.com+%22%D0%90%D0%BD%D0%BD%D0%B0+%D0%A7%D0%B5%D0%BC%D0%B5%D1%80%D0%B8%D1%81%22 200
2026-01-30 00:51:27,419 [INFO] response: https://en.wikipedia.org/w/api.php?action=opensearch&profile=fuzzy&limit=1&search=site%3Apicuki.com%20%22%D0%90%D0%BD%D0%BD%D0%B0%20%D0%A7%D0%B5%D0%BC%D0%B5%D1%80%D0%B8%D1%81%22 200
2026-01-30 00:51:27,604 [INFO] response: https://grokipedia.com/api/typeahead?query=site%3Apicuki.com+%22%D0%90%D0%BD%D0%BD%D0%B0+%D0%A7%D0%B5%D0%BC%D0%B5%D1%80%D0%B8%D1%81%22&limit=1 200
2026-01-30 00:51:28,291 [INFO] response: https://www.google.com/sorry/index?continue=https://www.google.com/search%3Fq%3Dsite%253Apicuki.com%2B%2522%25D0%2590%25D0%25BD%25D0%25BD%25D0%25B0%2B%25D0%25A7%25D0%25B5%25D0%25BC%25D0%25B5%25D1%2580%25D0%25B8%25D1%2581%2522%26filter%3D1%26start%3D0%26hl%3Den-US%26lr%3Dlang_en%26cr%3DcountryUS&hl=en-US&q=EhAkCUDSEU6Z-gSJVy1Use1dGLPm7ssGIjBdbaQXj7AesSt2pCOVXq6CxHbNuwCZjx4WhbpDSiTEBqVy-rStcopEvXPEbb05mfUyAnJSWgFD 429
2026-01-30 00:51:28,695 [INFO] response: https://search.brave.com/search?q=site%3Apicuki.com+%22%D0%90%D0%BD%D0%BD%D0%B0+%D0%A7%D0%B5%D0%BC%D0%B5%D1%80%D0%B8%D1%81%22&source=web 429
2026-01-30 00:51:30,231 [INFO] response: https://yandex.com/search/site/?text=site%3Apicuki.com+%22%D0%90%D0%BD%D0%BD%D0%B0+%D0%A7%D0%B5%D0%BC%D0%B5%D1%80%D0%B8%D1%81%22&web=1&searchid=2289511 200
2026-01-30 00:51:30,985 [INFO] response: https://search.yahoo.com/search;_ylt=kQyUoxUwNSkJBgAE8vh6wKf2;_ylu=6yHJ7TaOnqP8HUkVG3VLOEykCmGZgP1ICJzuxO7lj7UZHns?p=site%3Apicuki.com+%22%D0%90%D0%BD%D0%BD%D0%B0+%D0%A7%D0%B5%D0%BC%D0%B5%D1%80%D0%B8%D1%81%22 200
2026-01-30 00:51:31,451 [INFO] HTTP Request: POST https://html.duckduckgo.com/html/ "HTTP/2 202 Accepted"
2026-01-30 00:51:32,492 [INFO] response: https://www.mojeek.com/search?q=site%3Apicuki.com+%22%D0%90%D0%BD%D0%BD%D0%B0+%D0%A7%D0%B5%D0%BC%D0%B5%D1%80%D0%B8%D1%81%22 200
2026-01-30 00:51:34,715 [WARNING] KeyError('html') - backend is not exist or disabled. Available: brave, duckduckgo, google, grokipedia, mojeek, wikipedia, yahoo, yandex. Using 'auto'
2026-01-30 00:51:35,148 [INFO] response: https://en.wikipedia.org/w/api.php?action=opensearch&profile=fuzzy&limit=1&search=site%3Apicuki.com%20%22%D0%90%D0%BD%D0%BD%D0%B0%20%D0%A7%D0%B5%D0%BC%D0%B5%D1%80%D0%B8%D1%81%22 200
2026-01-30 00:51:36,681 [INFO] response: https://grokipedia.com/api/typeahead?query=site%3Apicuki.com+%22%D0%90%D0%BD%D0%BD%D0%B0+%D0%A7%D0%B5%D0%BC%D0%B5%D1%80%D0%B8%D1%81%22&limit=1 200
2026-01-30 00:51:36,948 [INFO] HTTP Request: POST https://html.duckduckgo.com/html/ "HTTP/2 202 Accepted"
2026-01-30 00:51:38,135 [INFO] response: https://www.mojeek.com/search?q=site%3Apicuki.com+%22%D0%90%D0%BD%D0%BD%D0%B0+%D0%A7%D0%B5%D0%BC%D0%B5%D1%80%D0%B8%D1%81%22 200
2026-01-30 00:51:39,179 [INFO] response: https://www.google.com/sorry/index?continue=https://www.google.com/search%3Fq%3Dsite%253Apicuki.com%2B%2522%25D0%2590%25D0%25BD%25D0%25BD%25D0%25B0%2B%25D0%25A7%25D0%25B5%25D0%25BC%25D0%25B5%25D1%2580%25D0%25B8%25D1%2581%2522%26filter%3D1%26start%3D0%26hl%3Den-US%26lr%3Dlang_en%26cr%3DcountryUS&hl=en-US&q=EhAkCUDSEU6Z-gSJVy1Use1dGL3m7ssGIjBvtcdwOW8BNi2eZ8WYcREfr2iIQMBVZq9krGNy8s3NriMliJLQKCswDxa43l3dPCAyAnJSWgFD 429
2026-01-30 00:51:40,068 [INFO] response: https://search.yahoo.com/search;_ylt=oDdL_KCoQ35mpeQ1JsjuasW0;_ylu=4ds8CFxeBQl8i8m0tfeGqlJrRLi-aWxQcoC1dWILfpC5O0E?p=site%3Apicuki.com+%22%D0%90%D0%BD%D0%BD%D0%B0+%D0%A7%D0%B5%D0%BC%D0%B5%D1%80%D0%B8%D1%81%22 200
2026-01-30 00:51:41,340 [INFO] response: https://yandex.com/search/site/?text=site%3Apicuki.com+%22%D0%90%D0%BD%D0%BD%D0%B0+%D0%A7%D0%B5%D0%BC%D0%B5%D1%80%D0%B8%D1%81%22&web=1&searchid=6981056 200
2026-01-30 00:51:41,734 [INFO] response: https://search.brave.com/search?q=site%3Apicuki.com+%22%D0%90%D0%BD%D0%BD%D0%B0+%D0%A7%D0%B5%D0%BC%D0%B5%D1%80%D0%B8%D1%81%22&source=web 429
2026-01-30 00:51:44,036 [INFO] response: https://en.wikipedia.org/w/api.php?action=opensearch&profile=fuzzy&limit=1&search=%22%D0%90%D0%BD%D0%BD%D0%B0%20%D0%A7%D0%B5%D0%BC%D0%B5%D1%80%D0%B8%D1%81%22%20%22%D0%92%D1%80%D0%B8%D0%BD%D0%B4%D0%B0%D0%B2%D0%B0%D0%BD%22 200
2026-01-30 00:51:45,036 [INFO] response: https://grokipedia.com/api/typeahead?query=%22%D0%90%D0%BD%D0%BD%D0%B0+%D0%A7%D0%B5%D0%BC%D0%B5%D1%80%D0%B8%D1%81%22+%22%D0%92%D1%80%D0%B8%D0%BD%D0%B4%D0%B0%D0%B2%D0%B0%D0%BD%22&limit=1 200
2026-01-30 00:51:45,755 [INFO] response: https://search.yahoo.com/search;_ylt=jXayWnSTwx5Bmpxa3Z69Od76;_ylu=-oM-gjkqa4MlBupA3FvGGZ7rO-NPE7cD-9meGxCkdC0BEbc?p=%22%D0%90%D0%BD%D0%BD%D0%B0+%D0%A7%D0%B5%D0%BC%D0%B5%D1%80%D0%B8%D1%81%22+%22%D0%92%D1%80%D0%B8%D0%BD%D0%B4%D0%B0%D0%B2%D0%B0%D0%BD%22 200
2026-01-30 00:51:46,648 [INFO] response: https://search.brave.com/search?q=%22%D0%90%D0%BD%D0%BD%D0%B0+%D0%A7%D0%B5%D0%BC%D0%B5%D1%80%D0%B8%D1%81%22+%22%D0%92%D1%80%D0%B8%D0%BD%D0%B4%D0%B0%D0%B2%D0%B0%D0%BD%22&source=web 429
2026-01-30 00:51:46,961 [INFO] HTTP Request: POST https://html.duckduckgo.com/html/ "HTTP/2 202 Accepted"
2026-01-30 00:51:47,514 [INFO] response: https://www.google.com/sorry/index?continue=https://www.google.com/search%3Fq%3D%2522%25D0%2590%25D0%25BD%25D0%25BD%25D0%25B0%2B%25D0%25A7%25D0%25B5%25D0%25BC%25D0%25B5%25D1%2580%25D0%25B8%25D1%2581%2522%2B%2522%25D0%2592%25D1%2580%25D0%25B8%25D0%25BD%25D0%25B4%25D0%25B0%25D0%25B2%25D0%25B0%25D0%25BD%2522%26filter%3D1%26start%3D0%26hl%3Den-US%26lr%3Dlang_en%26cr%3DcountryUS&hl=en-US&q=EhAkCUDSEU6Z-gSJVy1Use1dGMbm7ssGIjBwSKk8GZSVFLuxpgkuKAt8l0RKcuf4fkcSF-FKSdh7Qmq_fyehXSi7fXhw0DuOgAEyAnJSWgFD 429
2026-01-30 00:51:48,476 [INFO] response: https://www.mojeek.com/search?q=%22%D0%90%D0%BD%D0%BD%D0%B0+%D0%A7%D0%B5%D0%BC%D0%B5%D1%80%D0%B8%D1%81%22+%22%D0%92%D1%80%D0%B8%D0%BD%D0%B4%D0%B0%D0%B2%D0%B0%D0%BD%22 403
2026-01-30 00:51:49,742 [INFO] response: https://yandex.com/search/site/?text=%22%D0%90%D0%BD%D0%BD%D0%B0+%D0%A7%D0%B5%D0%BC%D0%B5%D1%80%D0%B8%D1%81%22+%22%D0%92%D1%80%D0%B8%D0%BD%D0%B4%D0%B0%D0%B2%D0%B0%D0%BD%22&web=1&searchid=7396185 200
2026-01-30 00:52:01,067 [INFO] Response Status: 200
2026-01-30 01:37:00,743 [INFO] Incoming Request: POST /api/analyze
2026-01-30 01:37:00,946 [INFO] --- STARTING ANALYSIS FOR: Галина Чемерис ---
2026-01-30 01:37:03,642 [INFO] response: https://en.wikipedia.org/w/api.php?action=opensearch&profile=fuzzy&limit=1&search=site%3Anitter.net%20%22%D0%93%D0%B0%D0%BB%D0%B8%D0%BD%D0%B0%20%D0%A7%D0%B5%D0%BC%D0%B5%D1%80%D0%B8%D1%81%22 200
2026-01-30 01:37:04,460 [INFO] response: https://grokipedia.com/api/typeahead?query=site%3Anitter.net+%22%D0%93%D0%B0%D0%BB%D0%B8%D0%BD%D0%B0+%D0%A7%D0%B5%D0%BC%D0%B5%D1%80%D0%B8%D1%81%22&limit=1 200
2026-01-30 01:37:05,195 [INFO] response: https://search.yahoo.com/search;_ylt=KwWjNeYEMHY3cytLIevz6ESJ;_ylu=lqetTZvIUY3D3yzzaaDt5tZW5Ac488o-JJf0qqhcuUbUfw8?p=site%3Anitter.net+%22%D0%93%D0%B0%D0%BB%D0%B8%D0%BD%D0%B0+%D0%A7%D0%B5%D0%BC%D0%B5%D1%80%D0%B8%D1%81%22 200
2026-01-30 01:37:08,015 [INFO] HTTP Request: POST https://html.duckduckgo.com/html/ "HTTP/2 200 OK"
2026-01-30 01:37:08,770 [INFO] response: https://www.google.com/sorry/index?continue=https://www.google.com/search%3Fq%3Dsite%253Anitter.net%2B%2522%25D0%2593%25D0%25B0%25D0%25BB%25D0%25B8%25D0%25BD%25D0%25B0%2B%25D0%25A7%25D0%25B5%25D0%25BC%25D0%25B5%25D1%2580%25D0%25B8%25D1%2581%2522%26filter%3D1%26start%3D0%26hl%3Den-US%26lr%3Dlang_en%26cr%3DcountryUS&hl=en-US&q=EhAkCUDSEU6Z-gSJVy1Use1dGOf77ssGIjAx3sk6LSp6eETwebThETDSo6FRs9rk4BSV4h3hP81HZBd5hXhAecao4LzpeIHFrzoyAnJSWgFD 429
2026-01-30 01:37:10,015 [INFO] response: https://yandex.com/search/site/?text=site%3Anitter.net+%22%D0%93%D0%B0%D0%BB%D0%B8%D0%BD%D0%B0+%D0%A7%D0%B5%D0%BC%D0%B5%D1%80%D0%B8%D1%81%22&web=1&searchid=1501232 200
2026-01-30 01:37:10,929 [INFO] response: https://search.brave.com/search?q=site%3Anitter.net+%22%D0%93%D0%B0%D0%BB%D0%B8%D0%BD%D0%B0+%D0%A7%D0%B5%D0%BC%D0%B5%D1%80%D0%B8%D1%81%22&source=web 200
2026-01-30 01:38:56,502 [INFO] response: https://en.wikipedia.org/w/api.php?action=opensearch&profile=fuzzy&limit=1&search=site%3Aanonigviewer.com%20%22%D0%93%D0%B0%D0%BB%D0%B8%D0%BD%D0%B0%20%D0%A7%D0%B5%D0%BC%D0%B5%D1%80%D0%B8%D1%81%22 200
2026-01-30 01:38:57,926 [INFO] response: https://grokipedia.com/api/typeahead?query=site%3Aanonigviewer.com+%22%D0%93%D0%B0%D0%BB%D0%B8%D0%BD%D0%B0+%D0%A7%D0%B5%D0%BC%D0%B5%D1%80%D0%B8%D1%81%22&limit=1 200
2026-01-30 01:38:58,666 [INFO] response: https://search.yahoo.com/search;_ylt=CIgbWxhebirwUXA9apcRRwWH;_ylu=SvfdjAb31XLolUyqZr_5zT7z2yky1h4hYw74PsAEDsH2k-k?p=site%3Aanonigviewer.com+%22%D0%93%D0%B0%D0%BB%D0%B8%D0%BD%D0%B0+%D0%A7%D0%B5%D0%BC%D0%B5%D1%80%D0%B8%D1%81%22 200
2026-01-30 01:39:00,112 [INFO] response: https://yandex.com/search/site/?text=site%3Aanonigviewer.com+%22%D0%93%D0%B0%D0%BB%D0%B8%D0%BD%D0%B0+%D0%A7%D0%B5%D0%BC%D0%B5%D1%80%D0%B8%D1%81%22&web=1&searchid=5285440 200
2026-01-30 01:39:00,973 [INFO] HTTP Request: POST https://html.duckduckgo.com/html/ "HTTP/2 200 OK"
2026-01-30 01:39:01,828 [INFO] response: https://www.mojeek.com/search?q=site%3Aanonigviewer.com+%22%D0%93%D0%B0%D0%BB%D0%B8%D0%BD%D0%B0+%D0%A7%D0%B5%D0%BC%D0%B5%D1%80%D0%B8%D1%81%22 200
2026-01-30 01:39:02,927 [INFO] response: https://www.google.com/sorry/index?continue=https://www.google.com/search%3Fq%3Dsite%253Aanonigviewer.com%2B%2522%25D0%2593%25D0%25B0%25D0%25BB%25D0%25B8%25D0%25BD%25D0%25B0%2B%25D0%25A7%25D0%25B5%25D0%25BC%25D0%25B5%25D1%2580%25D0%25B8%25D1%2581%2522%26filter%3D1%26start%3D0%26hl%3Den-US%26lr%3Dlang_en%26cr%3DcountryUS&hl=en-US&q=EhAkCUDSEU6Z-gSJVy1Use1dGNn87ssGIjAx3dk9s-N-Z__Gz76uZxMIpXJcqSwR93Jk2ZQcYTdCC3OnK1kFpAp_3nq8PqC7LpcyAnJSWgFD 429
2026-01-30 01:39:03,644 [INFO] response: https://search.brave.com/search?q=site%3Aanonigviewer.com+%22%D0%93%D0%B0%D0%BB%D0%B8%D0%BD%D0%B0+%D0%A7%D0%B5%D0%BC%D0%B5%D1%80%D0%B8%D1%81%22&source=web 200
2026-01-30 01:39:07,576 [INFO] response: https://en.wikipedia.org/w/api.php?action=opensearch&profile=fuzzy&limit=1&search=site%3Agreatfon.com%20%22%D0%93%D0%B0%D0%BB%D0%B8%D0%BD%D0%B0%20%D0%A7%D0%B5%D0%BC%D0%B5%D1%80%D0%B8%D1%81%22 200
2026-01-30 01:39:07,968 [INFO] response: https://grokipedia.com/api/typeahead?query=site%3Agreatfon.com+%22%D0%93%D0%B0%D0%BB%D0%B8%D0%BD%D0%B0+%D0%A7%D0%B5%D0%BC%D0%B5%D1%80%D0%B8%D1%81%22&limit=1 200
2026-01-30 01:39:09,200 [INFO] response: https://yandex.com/search/site/?text=site%3Agreatfon.com+%22%D0%93%D0%B0%D0%BB%D0%B8%D0%BD%D0%B0+%D0%A7%D0%B5%D0%BC%D0%B5%D1%80%D0%B8%D1%81%22&web=1&searchid=2547723 200
2026-01-30 01:39:10,348 [INFO] response: https://www.google.com/sorry/index?continue=https://www.google.com/search%3Fq%3Dsite%253Agreatfon.com%2B%2522%25D0%2593%25D0%25B0%25D0%25BB%25D0%25B8%25D0%25BD%25D0%25B0%2B%25D0%25A7%25D0%25B5%25D0%25BC%25D0%25B5%25D1%2580%25D0%25B8%25D1%2581%2522%26filter%3D1%26start%3D0%26hl%3Den-US%26lr%3Dlang_en%26cr%3DcountryUS&hl=en-US&q=EhAkCUDSEU6Z-gSJVy1Use1dGOD87ssGIjANVpnzU2sNIYzShYoVWN210EpVGNrX4d4e9dNcqCkl_WinPpsERikgzbg6TGAC_44yAnJSWgFD 429
2026-01-30 01:39:10,674 [INFO] HTTP Request: POST https://html.duckduckgo.com/html/ "HTTP/2 202 Accepted"
2026-01-30 01:39:11,618 [INFO] response: https://www.mojeek.com/search?q=site%3Agreatfon.com+%22%D0%93%D0%B0%D0%BB%D0%B8%D0%BD%D0%B0+%D0%A7%D0%B5%D0%BC%D0%B5%D1%80%D0%B8%D1%81%22 200
2026-01-30 01:39:12,566 [INFO] response: https://search.yahoo.com/search;_ylt=WRkXVgqAd8V6QRCCgnwfxj2C;_ylu=o-7RLtxTZWknrQXZB1xlWe9s6khasrLYCxv57H2OFy2Cn2A?p=site%3Agreatfon.com+%22%D0%93%D0%B0%D0%BB%D0%B8%D0%BD%D0%B0+%D0%A7%D0%B5%D0%BC%D0%B5%D1%80%D0%B8%D1%81%22 200
2026-01-30 01:39:13,433 [INFO] response: https://search.brave.com/search?q=site%3Agreatfon.com+%22%D0%93%D0%B0%D0%BB%D0%B8%D0%BD%D0%B0+%D0%A7%D0%B5%D0%BC%D0%B5%D1%80%D0%B8%D1%81%22&source=web 200
2026-01-30 01:40:25,219 [INFO] response: https://en.wikipedia.org/w/api.php?action=opensearch&profile=fuzzy&limit=1&search=site%3Adumpor.com%20%22%D0%93%D0%B0%D0%BB%D0%B8%D0%BD%D0%B0%20%D0%A7%D0%B5%D0%BC%D0%B5%D1%80%D0%B8%D1%81%22 200
2026-01-30 01:40:25,719 [INFO] response: https://grokipedia.com/api/typeahead?query=site%3Adumpor.com+%22%D0%93%D0%B0%D0%BB%D0%B8%D0%BD%D0%B0+%D0%A7%D0%B5%D0%BC%D0%B5%D1%80%D0%B8%D1%81%22&limit=1 200
2026-01-30 01:40:26,938 [INFO] response: https://yandex.com/search/site/?text=site%3Adumpor.com+%22%D0%93%D0%B0%D0%BB%D0%B8%D0%BD%D0%B0+%D0%A7%D0%B5%D0%BC%D0%B5%D1%80%D0%B8%D1%81%22&web=1&searchid=5142381 200
2026-01-30 01:40:27,716 [INFO] response: https://search.yahoo.com/search;_ylt=Gd91nzjRw3Ckw3EThqPJSwCY;_ylu=xzs2e4GGi_0VIi6CsQs3BqxrTEUmKZicFG3sk1ZZWzoAbHI?p=site%3Adumpor.com+%22%D0%93%D0%B0%D0%BB%D0%B8%D0%BD%D0%B0+%D0%A7%D0%B5%D0%BC%D0%B5%D1%80%D0%B8%D1%81%22 200
2026-01-30 01:40:28,569 [INFO] response: https://www.google.com/sorry/index?continue=https://www.google.com/search%3Fq%3Dsite%253Adumpor.com%2B%2522%25D0%2593%25D0%25B0%25D0%25BB%25D0%25B8%25D0%25BD%25D0%25B0%2B%25D0%25A7%25D0%25B5%25D0%25BC%25D0%25B5%25D1%2580%25D0%25B8%25D1%2581%2522%26filter%3D1%26start%3D0%26hl%3Den-US%26lr%3Dlang_en%26cr%3DcountryUS&hl=en-US&q=EhAkCUDSEU6Z-gSJVy1Use1dGK_97ssGIjCvA8jToDm8Wqoekz5GHEwIIwIwfO8r-FVx9dI_ZJLhcqypR7Dk-tKY0YjcLNUL_C8yAnJSWgFD 429
2026-01-30 01:40:29,168 [INFO] response: https://search.brave.com/search?q=site%3Adumpor.com+%22%D0%93%D0%B0%D0%BB%D0%B8%D0%BD%D0%B0+%D0%A7%D0%B5%D0%BC%D0%B5%D1%80%D0%B8%D1%81%22&source=web 429
2026-01-30 01:40:30,335 [INFO] response: https://www.mojeek.com/search?q=site%3Adumpor.com+%22%D0%93%D0%B0%D0%BB%D0%B8%D0%BD%D0%B0+%D0%A7%D0%B5%D0%BC%D0%B5%D1%80%D0%B8%D1%81%22 200
2026-01-30 01:40:30,670 [INFO] HTTP Request: POST https://html.duckduckgo.com/html/ "HTTP/2 202 Accepted"
2026-01-30 01:40:32,688 [WARNING] KeyError('html') - backend is not exist or disabled. Available: brave, duckduckgo, google, grokipedia, mojeek, wikipedia, yahoo, yandex. Using 'auto'
2026-01-30 01:40:33,145 [INFO] response: https://en.wikipedia.org/w/api.php?action=opensearch&profile=fuzzy&limit=1&search=site%3Adumpor.com%20%22%D0%93%D0%B0%D0%BB%D0%B8%D0%BD%D0%B0%20%D0%A7%D0%B5%D0%BC%D0%B5%D1%80%D0%B8%D1%81%22 200
2026-01-30 01:40:33,796 [INFO] response: https://grokipedia.com/api/typeahead?query=site%3Adumpor.com+%22%D0%93%D0%B0%D0%BB%D0%B8%D0%BD%D0%B0+%D0%A7%D0%B5%D0%BC%D0%B5%D1%80%D0%B8%D1%81%22&limit=1 200
2026-01-30 01:40:35,142 [INFO] response: https://yandex.com/search/site/?text=site%3Adumpor.com+%22%D0%93%D0%B0%D0%BB%D0%B8%D0%BD%D0%B0+%D0%A7%D0%B5%D0%BC%D0%B5%D1%80%D0%B8%D1%81%22&web=1&searchid=3107212 200
2026-01-30 01:40:36,104 [INFO] response: https://www.google.com/sorry/index?continue=https://www.google.com/search%3Fq%3Dsite%253Adumpor.com%2B%2522%25D0%2593%25D0%25B0%25D0%25BB%25D0%25B8%25D0%25BD%25D0%25B0%2B%25D0%25A7%25D0%25B5%25D0%25BC%25D0%25B5%25D1%2580%25D0%25B8%25D1%2581%2522%26filter%3D1%26start%3D0%26hl%3Den-US%26lr%3Dlang_en%26cr%3DcountryUS&hl=en-US&q=EhAkCUDSEU6Z-gSJVy1Use1dGLb97ssGIjDEmQ658ShNwzvICbhKgoOReN3XsXxLO37cC9bplKcnekPqqAMhz7NdbZzXKWsmPVsyAnJSWgFD 429
2026-01-30 01:40:36,427 [INFO] HTTP Request: POST https://html.duckduckgo.com/html/ "HTTP/2 202 Accepted"
2026-01-30 01:40:37,167 [INFO] response: https://search.yahoo.com/search;_ylt=C-lfEz4mTIV0kjnBzrn0zh5k;_ylu=anjYiw_gYEK4mS60yxDIgSntDRtrC_9Mdq2GBdYQ5eLQgBU?p=site%3Adumpor.com+%22%D0%93%D0%B0%D0%BB%D0%B8%D0%BD%D0%B0+%D0%A7%D0%B5%D0%BC%D0%B5%D1%80%D0%B8%D1%81%22 200
2026-01-30 01:40:37,749 [INFO] response: https://search.brave.com/search?q=site%3Adumpor.com+%22%D0%93%D0%B0%D0%BB%D0%B8%D0%BD%D0%B0+%D0%A7%D0%B5%D0%BC%D0%B5%D1%80%D0%B8%D1%81%22&source=web 429
2026-01-30 01:40:38,755 [INFO] response: https://www.mojeek.com/search?q=site%3Adumpor.com+%22%D0%93%D0%B0%D0%BB%D0%B8%D0%BD%D0%B0+%D0%A7%D0%B5%D0%BC%D0%B5%D1%80%D0%B8%D1%81%22 200
2026-01-30 01:40:41,570 [INFO] response: https://en.wikipedia.org/w/api.php?action=opensearch&profile=fuzzy&limit=1&search=site%3Agramhir.com%20%22%D0%93%D0%B0%D0%BB%D0%B8%D0%BD%D0%B0%20%D0%A7%D0%B5%D0%BC%D0%B5%D1%80%D0%B8%D1%81%22 200
2026-01-30 01:40:45,883 [INFO] Error in engine yandex: TimeoutException("Request timed out: RuntimeError('error sending request for url (https://grokipedia.com/api/typeahead?query=site%3Agramhir.com+%22%D0%93%D0%B0%D0%BB%D0%B8%D0%BD%D0%B0+%D0%A7%D0%B5%D0%BC%D0%B5%D1%80%D0%B8%D1%81%22&limit=1): operation timed out\\n\\nCaused by:\\n    operation timed out')")
2026-01-30 01:40:46,690 [INFO] response: https://www.google.com/sorry/index?continue=https://www.google.com/search%3Fq%3Dsite%253Agramhir.com%2B%2522%25D0%2593%25D0%25B0%25D0%25BB%25D0%25B8%25D0%25BD%25D0%25B0%2B%25D0%25A7%25D0%25B5%25D0%25BC%25D0%25B5%25D1%2580%25D0%25B8%25D1%2581%2522%26filter%3D1%26start%3D0%26hl%3Den-US%26lr%3Dlang_en%26cr%3DcountryUS&hl=en-US&q=EhAkCUDSEU6Z-gSJVy1Use1dGMH97ssGIjCDa9Gu56YWyxLazGDcYgeT7yhWK1AU2gstD3vWKX-RW9DUBRXpzQfjABYPTHIgCx8yAnJSWgFD 429
2026-01-30 01:40:47,158 [INFO] response: https://yandex.com/search/site/?text=site%3Agramhir.com+%22%D0%93%D0%B0%D0%BB%D0%B8%D0%BD%D0%B0+%D0%A7%D0%B5%D0%BC%D0%B5%D1%80%D0%B8%D1%81%22&web=1&searchid=7271671 200
2026-01-30 01:40:47,869 [INFO] response: https://search.yahoo.com/search;_ylt=r2Jv9lzGVcGhS3Ql6dSYmhPE;_ylu=iBhQi1L86Fn_gAPsgEkHKr9aVB6um1vlgFkG9EfJdibLolY?p=site%3Agramhir.com+%22%D0%93%D0%B0%D0%BB%D0%B8%D0%BD%D0%B0+%D0%A7%D0%B5%D0%BC%D0%B5%D1%80%D0%B8%D1%81%22 200
2026-01-30 01:40:48,895 [INFO] response: https://www.mojeek.com/search?q=site%3Agramhir.com+%22%D0%93%D0%B0%D0%BB%D0%B8%D0%BD%D0%B0+%D0%A7%D0%B5%D0%BC%D0%B5%D1%80%D0%B8%D1%81%22 200
2026-01-30 01:40:49,516 [INFO] response: https://search.brave.com/search?q=site%3Agramhir.com+%22%D0%93%D0%B0%D0%BB%D0%B8%D0%BD%D0%B0+%D0%A7%D0%B5%D0%BC%D0%B5%D1%80%D0%B8%D1%81%22&source=web 429
2026-01-30 01:40:49,878 [INFO] HTTP Request: POST https://html.duckduckgo.com/html/ "HTTP/2 202 Accepted"
2026-01-30 01:40:51,892 [WARNING] KeyError('html') - backend is not exist or disabled. Available: brave, duckduckgo, google, grokipedia, mojeek, wikipedia, yahoo, yandex. Using 'auto'
2026-01-30 01:40:52,369 [INFO] response: https://en.wikipedia.org/w/api.php?action=opensearch&profile=fuzzy&limit=1&search=site%3Agramhir.com%20%22%D0%93%D0%B0%D0%BB%D0%B8%D0%BD%D0%B0%20%D0%A7%D0%B5%D0%BC%D0%B5%D1%80%D0%B8%D1%81%22 200
2026-01-30 01:40:53,126 [INFO] response: https://grokipedia.com/api/typeahead?query=site%3Agramhir.com+%22%D0%93%D0%B0%D0%BB%D0%B8%D0%BD%D0%B0+%D0%A7%D0%B5%D0%BC%D0%B5%D1%80%D0%B8%D1%81%22&limit=1 200
2026-01-30 01:40:53,383 [INFO] HTTP Request: POST https://html.duckduckgo.com/html/ "HTTP/2 202 Accepted"
2026-01-30 01:40:54,607 [INFO] response: https://yandex.com/search/site/?text=site%3Agramhir.com+%22%D0%93%D0%B0%D0%BB%D0%B8%D0%BD%D0%B0+%D0%A7%D0%B5%D0%BC%D0%B5%D1%80%D0%B8%D1%81%22&web=1&searchid=9710210 200
2026-01-30 01:40:55,328 [INFO] response: https://search.yahoo.com/search;_ylt=km6hckfhtNHdWncdWAPCtmps;_ylu=rEdko2iaavoP9IVehJnvdTNIX7CLFBGsulBxvz2N-y0OE7s?p=site%3Agramhir.com+%22%D0%93%D0%B0%D0%BB%D0%B8%D0%BD%D0%B0+%D0%A7%D0%B5%D0%BC%D0%B5%D1%80%D0%B8%D1%81%22 200
2026-01-30 01:40:56,394 [INFO] response: https://www.mojeek.com/search?q=site%3Agramhir.com+%22%D0%93%D0%B0%D0%BB%D0%B8%D0%BD%D0%B0+%D0%A7%D0%B5%D0%BC%D0%B5%D1%80%D0%B8%D1%81%22 200
2026-01-30 01:40:57,284 [INFO] response: https://www.google.com/sorry/index?continue=https://www.google.com/search%3Fq%3Dsite%253Agramhir.com%2B%2522%25D0%2593%25D0%25B0%25D0%25BB%25D0%25B8%25D0%25BD%25D0%25B0%2B%25D0%25A7%25D0%25B5%25D0%25BC%25D0%25B5%25D1%2580%25D0%25B8%25D1%2581%2522%26filter%3D1%26start%3D0%26hl%3Den-US%26lr%3Dlang_en%26cr%3DcountryUS&hl=en-US&q=EhAkCUDSEU6Z-gSJVy1Use1dGMz97ssGIjCYj8rT_yZeHi64idlbcWmoEMlDcb6b-zylPSqpupviYiIIUHv_6Pjy9Pzrux1W4-QyAnJSWgFD 429
2026-01-30 01:40:57,725 [INFO] response: https://search.brave.com/search?q=site%3Agramhir.com+%22%D0%93%D0%B0%D0%BB%D0%B8%D0%BD%D0%B0+%D0%A7%D0%B5%D0%BC%D0%B5%D1%80%D0%B8%D1%81%22&source=web 429
2026-01-30 01:41:00,053 [INFO] response: https://en.wikipedia.org/w/api.php?action=opensearch&profile=fuzzy&limit=1&search=site%3Atwstalker.com%20%22%D0%93%D0%B0%D0%BB%D0%B8%D0%BD%D0%B0%20%D0%A7%D0%B5%D0%BC%D0%B5%D1%80%D0%B8%D1%81%22 200
2026-01-30 01:41:00,788 [INFO] response: https://grokipedia.com/api/typeahead?query=site%3Atwstalker.com+%22%D0%93%D0%B0%D0%BB%D0%B8%D0%BD%D0%B0+%D0%A7%D0%B5%D0%BC%D0%B5%D1%80%D0%B8%D1%81%22&limit=1 200
2026-01-30 01:41:01,249 [INFO] response: https://search.brave.com/search?q=site%3Atwstalker.com+%22%D0%93%D0%B0%D0%BB%D0%B8%D0%BD%D0%B0+%D0%A7%D0%B5%D0%BC%D0%B5%D1%80%D0%B8%D1%81%22&source=web 429
2026-01-30 01:41:02,041 [INFO] response: https://search.yahoo.com/search;_ylt=ewlR5U7CVC4zv_-9-WJyuzA4;_ylu=ua4nK5-ThGcBJopJJto53fUHk7DQlysCal5O1-spFovHf3Q?p=site%3Atwstalker.com+%22%D0%93%D0%B0%D0%BB%D0%B8%D0%BD%D0%B0+%D0%A7%D0%B5%D0%BC%D0%B5%D1%80%D0%B8%D1%81%22 200
2026-01-30 01:41:02,897 [INFO] response: https://www.google.com/sorry/index?continue=https://www.google.com/search%3Fq%3Dsite%253Atwstalker.com%2B%2522%25D0%2593%25D0%25B0%25D0%25BB%25D0%25B8%25D0%25BD%25D0%25B0%2B%25D0%25A7%25D0%25B5%25D0%25BC%25D0%25B5%25D1%2580%25D0%25B8%25D1%2581%2522%26filter%3D1%26start%3D0%26hl%3Den-US%26lr%3Dlang_en%26cr%3DcountryUS&hl=en-US&q=EhAkCUDSEU6Z-gSJVy1Use1dGNH97ssGIjCREs9llLOIVtty53bGORNWNmxiHZnfLKt-IEi6PR49tlq8LK3W_qYgIPb2Mg_FzpMyAnJSWgFD 429
2026-01-30 01:41:03,759 [INFO] response: https://www.mojeek.com/search?q=site%3Atwstalker.com+%22%D0%93%D0%B0%D0%BB%D0%B8%D0%BD%D0%B0+%D0%A7%D0%B5%D0%BC%D0%B5%D1%80%D0%B8%D1%81%22 200
2026-01-30 01:41:05,281 [INFO] response: https://yandex.com/search/site/?text=site%3Atwstalker.com+%22%D0%93%D0%B0%D0%BB%D0%B8%D0%BD%D0%B0+%D0%A7%D0%B5%D0%BC%D0%B5%D1%80%D0%B8%D1%81%22&web=1&searchid=3009743 200
2026-01-30 01:41:05,614 [INFO] HTTP Request: POST https://html.duckduckgo.com/html/ "HTTP/2 202 Accepted"
2026-01-30 01:41:07,620 [WARNING] KeyError('html') - backend is not exist or disabled. Available: brave, duckduckgo, google, grokipedia, mojeek, wikipedia, yahoo, yandex. Using 'auto'
2026-01-30 01:41:08,070 [INFO] response: https://en.wikipedia.org/w/api.php?action=opensearch&profile=fuzzy&limit=1&search=site%3Atwstalker.com%20%22%D0%93%D0%B0%D0%BB%D0%B8%D0%BD%D0%B0%20%D0%A7%D0%B5%D0%BC%D0%B5%D1%80%D0%B8%D1%81%22 200
2026-01-30 01:41:09,373 [INFO] response: https://grokipedia.com/api/typeahead?query=site%3Atwstalker.com+%22%D0%93%D0%B0%D0%BB%D0%B8%D0%BD%D0%B0+%D0%A7%D0%B5%D0%BC%D0%B5%D1%80%D0%B8%D1%81%22&limit=1 200
2026-01-30 01:41:09,825 [INFO] response: https://search.brave.com/search?q=site%3Atwstalker.com+%22%D0%93%D0%B0%D0%BB%D0%B8%D0%BD%D0%B0+%D0%A7%D0%B5%D0%BC%D0%B5%D1%80%D0%B8%D1%81%22&source=web 429
2026-01-30 01:41:11,123 [INFO] response: https://yandex.com/search/site/?text=site%3Atwstalker.com+%22%D0%93%D0%B0%D0%BB%D0%B8%D0%BD%D0%B0+%D0%A7%D0%B5%D0%BC%D0%B5%D1%80%D0%B8%D1%81%22&web=1&searchid=8859852 200
2026-01-30 01:41:12,143 [INFO] response: https://search.yahoo.com/search;_ylt=oo9grU1WP7SrcTgr8c9m3ytY;_ylu=RLbFnwrouQP5aI_eCzaatlmxFEC7uPTlh2kVAn0Hvvkd1Uk?p=site%3Atwstalker.com+%22%D0%93%D0%B0%D0%BB%D0%B8%D0%BD%D0%B0+%D0%A7%D0%B5%D0%BC%D0%B5%D1%80%D0%B8%D1%81%22 200
2026-01-30 01:41:12,499 [INFO] HTTP Request: POST https://html.duckduckgo.com/html/ "HTTP/2 202 Accepted"
2026-01-30 01:41:13,396 [INFO] response: https://www.mojeek.com/search?q=site%3Atwstalker.com+%22%D0%93%D0%B0%D0%BB%D0%B8%D0%BD%D0%B0+%D0%A7%D0%B5%D0%BC%D0%B5%D1%80%D0%B8%D1%81%22 200
2026-01-30 01:41:14,443 [INFO] response: https://www.google.com/sorry/index?continue=https://www.google.com/search%3Fq%3Dsite%253Atwstalker.com%2B%2522%25D0%2593%25D0%25B0%25D0%25BB%25D0%25B8%25D0%25BD%25D0%25B0%2B%25D0%25A7%25D0%25B5%25D0%25BC%25D0%25B5%25D1%2580%25D0%25B8%25D1%2581%2522%26filter%3D1%26start%3D0%26hl%3Den-US%26lr%3Dlang_en%26cr%3DcountryUS&hl=en-US&q=EhAkCUDSEU6Z-gSJVy1Use1dGN397ssGIjCvmd0mkzak2kZcaJz3rJPQ521FpzbCEPB9CzpYT8mAyVBnP2kzAetqO7BB3M41q08yAnJSWgFD 429
2026-01-30 01:41:16,809 [INFO] response: https://en.wikipedia.org/w/api.php?action=opensearch&profile=fuzzy&limit=1&search=site%3Afreetwitter.com%20%22%D0%93%D0%B0%D0%BB%D0%B8%D0%BD%D0%B0%20%D0%A7%D0%B5%D0%BC%D0%B5%D1%80%D0%B8%D1%81%22 200
2026-01-30 01:41:17,180 [INFO] response: https://grokipedia.com/api/typeahead?query=site%3Afreetwitter.com+%22%D0%93%D0%B0%D0%BB%D0%B8%D0%BD%D0%B0+%D0%A7%D0%B5%D0%BC%D0%B5%D1%80%D0%B8%D1%81%22&limit=1 200
2026-01-30 01:41:17,885 [INFO] response: https://www.google.com/sorry/index?continue=https://www.google.com/search%3Fq%3Dsite%253Afreetwitter.com%2B%2522%25D0%2593%25D0%25B0%25D0%25BB%25D0%25B8%25D0%25BD%25D0%25B0%2B%25D0%25A7%25D0%25B5%25D0%25BC%25D0%25B5%25D1%2580%25D0%25B8%25D1%2581%2522%26filter%3D1%26start%3D0%26hl%3Den-US%26lr%3Dlang_en%26cr%3DcountryUS&hl=en-US&q=EhAkCUDSEU6Z-gSJVy1Use1dGOD97ssGIjAmYRRZQoKvZcG0Ro1HOWIZTbpIdLKX2AwAd0wB8vpVd8-jbvU5BQXYNc_l_LJibnAyAnJSWgFD 429
2026-01-30 01:41:18,211 [INFO] HTTP Request: POST https://html.duckduckgo.com/html/ "HTTP/2 202 Accepted"
2026-01-30 01:41:19,040 [INFO] response: https://www.mojeek.com/search?q=site%3Afreetwitter.com+%22%D0%93%D0%B0%D0%BB%D0%B8%D0%BD%D0%B0+%D0%A7%D0%B5%D0%BC%D0%B5%D1%80%D0%B8%D1%81%22 200
2026-01-30 01:41:19,679 [INFO] response: https://search.brave.com/search?q=site%3Afreetwitter.com+%22%D0%93%D0%B0%D0%BB%D0%B8%D0%BD%D0%B0+%D0%A7%D0%B5%D0%BC%D0%B5%D1%80%D0%B8%D1%81%22&source=web 429
2026-01-30 01:41:20,870 [INFO] response: https://yandex.com/search/site/?text=site%3Afreetwitter.com+%22%D0%93%D0%B0%D0%BB%D0%B8%D0%BD%D0%B0+%D0%A7%D0%B5%D0%BC%D0%B5%D1%80%D0%B8%D1%81%22&web=1&searchid=3863497 200
2026-01-30 01:41:21,598 [INFO] response: https://search.yahoo.com/search;_ylt=BzmJ-zCTti5PH-cPx36yoxqg;_ylu=1SSMbhAXXcG6ULgjGF4fHSgYtjeJqNRd4yVp8hVklU8d9Ag?p=site%3Afreetwitter.com+%22%D0%93%D0%B0%D0%BB%D0%B8%D0%BD%D0%B0+%D0%A7%D0%B5%D0%BC%D0%B5%D1%80%D0%B8%D1%81%22 200
2026-01-30 01:41:23,796 [WARNING] KeyError('html') - backend is not exist or disabled. Available: brave, duckduckgo, google, grokipedia, mojeek, wikipedia, yahoo, yandex. Using 'auto'
2026-01-30 01:41:24,249 [INFO] response: https://en.wikipedia.org/w/api.php?action=opensearch&profile=fuzzy&limit=1&search=site%3Afreetwitter.com%20%22%D0%93%D0%B0%D0%BB%D0%B8%D0%BD%D0%B0%20%D0%A7%D0%B5%D0%BC%D0%B5%D1%80%D0%B8%D1%81%22 200
2026-01-30 01:41:24,805 [INFO] response: https://grokipedia.com/api/typeahead?query=site%3Afreetwitter.com+%22%D0%93%D0%B0%D0%BB%D0%B8%D0%BD%D0%B0+%D0%A7%D0%B5%D0%BC%D0%B5%D1%80%D0%B8%D1%81%22&limit=1 200
2026-01-30 01:41:25,521 [INFO] response: https://search.yahoo.com/search;_ylt=9tjpweoFIdmlzDmtcM6BMvtS;_ylu=pz7ZUvfC-xOMnAhmGNX896Ujd8Hkudkbit64AaKWjDZWZTc?p=site%3Afreetwitter.com+%22%D0%93%D0%B0%D0%BB%D0%B8%D0%BD%D0%B0+%D0%A7%D0%B5%D0%BC%D0%B5%D1%80%D0%B8%D1%81%22 200
2026-01-30 01:41:26,531 [INFO] response: https://www.mojeek.com/search?q=site%3Afreetwitter.com+%22%D0%93%D0%B0%D0%BB%D0%B8%D0%BD%D0%B0+%D0%A7%D0%B5%D0%BC%D0%B5%D1%80%D0%B8%D1%81%22 200
2026-01-30 01:41:27,006 [INFO] HTTP Request: POST https://html.duckduckgo.com/html/ "HTTP/2 202 Accepted"
2026-01-30 01:41:28,286 [INFO] response: https://yandex.com/search/site/?text=site%3Afreetwitter.com+%22%D0%93%D0%B0%D0%BB%D0%B8%D0%BD%D0%B0+%D0%A7%D0%B5%D0%BC%D0%B5%D1%80%D0%B8%D1%81%22&web=1&searchid=5867253 200
2026-01-30 01:41:28,719 [INFO] response: https://search.brave.com/search?q=site%3Afreetwitter.com+%22%D0%93%D0%B0%D0%BB%D0%B8%D0%BD%D0%B0+%D0%A7%D0%B5%D0%BC%D0%B5%D1%80%D0%B8%D1%81%22&source=web 429
2026-01-30 01:41:29,600 [INFO] response: https://www.google.com/sorry/index?continue=https://www.google.com/search%3Fq%3Dsite%253Afreetwitter.com%2B%2522%25D0%2593%25D0%25B0%25D0%25BB%25D0%25B8%25D0%25BD%25D0%25B0%2B%25D0%25A7%25D0%25B5%25D0%25BC%25D0%25B5%25D1%2580%25D0%25B8%25D1%2581%2522%26filter%3D1%26start%3D0%26hl%3Den-US%26lr%3Dlang_en%26cr%3DcountryUS&hl=en-US&q=EhAkCUDSEU6Z-gSJVy1Use1dGOz97ssGIjC_GycQ-4IsTjJwcYPknqlnnGIpzyQjNViy2pj4mf8CZ4GqOnIqr_Pzp-GQn_NbtjgyAnJSWgFD 429
2026-01-30 01:41:32,160 [INFO] response: https://en.wikipedia.org/w/api.php?action=opensearch&profile=fuzzy&limit=1&search=site%3Aimginn.com%20%22%D0%93%D0%B0%D0%BB%D0%B8%D0%BD%D0%B0%20%D0%A7%D0%B5%D0%BC%D0%B5%D1%80%D0%B8%D1%81%22 200
2026-01-30 01:41:32,732 [INFO] response: https://grokipedia.com/api/typeahead?query=site%3Aimginn.com+%22%D0%93%D0%B0%D0%BB%D0%B8%D0%BD%D0%B0+%D0%A7%D0%B5%D0%BC%D0%B5%D1%80%D0%B8%D1%81%22&limit=1 200
2026-01-30 01:41:33,946 [INFO] response: https://yandex.com/search/site/?text=site%3Aimginn.com+%22%D0%93%D0%B0%D0%BB%D0%B8%D0%BD%D0%B0+%D0%A7%D0%B5%D0%BC%D0%B5%D1%80%D0%B8%D1%81%22&web=1&searchid=6598620 200
2026-01-30 01:41:34,658 [INFO] response: https://search.yahoo.com/search;_ylt=MEggssLvMIaD7XGCevE_7I7t;_ylu=d-PO-f0qwqffOGyNQ20ll7eNhWuT6dNe4gJHGA3e1J4de4Y?p=site%3Aimginn.com+%22%D0%93%D0%B0%D0%BB%D0%B8%D0%BD%D0%B0+%D0%A7%D0%B5%D0%BC%D0%B5%D1%80%D0%B8%D1%81%22 200
2026-01-30 01:41:35,545 [INFO] response: https://www.google.com/sorry/index?continue=https://www.google.com/search%3Fq%3Dsite%253Aimginn.com%2B%2522%25D0%2593%25D0%25B0%25D0%25BB%25D0%25B8%25D0%25BD%25D0%25B0%2B%25D0%25A7%25D0%25B5%25D0%25BC%25D0%25B5%25D1%2580%25D0%25B8%25D1%2581%2522%26filter%3D1%26start%3D0%26hl%3Den-US%26lr%3Dlang_en%26cr%3DcountryUS&hl=en-US&q=EhAkCUDSEU6Z-gSJVy1Use1dGPL97ssGIjCTllUuZQ-g4rtTdvRPBY8z_LcYhwvyzmbMvXdWVsysFgsy6poyMWSpN1W5y8McHXkyAnJSWgFD 429
2026-01-30 01:41:35,890 [INFO] HTTP Request: POST https://html.duckduckgo.com/html/ "HTTP/2 202 Accepted"
2026-01-30 01:41:36,424 [INFO] response: https://search.brave.com/search?q=site%3Aimginn.com+%22%D0%93%D0%B0%D0%BB%D0%B8%D0%BD%D0%B0+%D0%A7%D0%B5%D0%BC%D0%B5%D1%80%D0%B8%D1%81%22&source=web 429
2026-01-30 01:41:37,350 [INFO] response: https://www.mojeek.com/search?q=site%3Aimginn.com+%22%D0%93%D0%B0%D0%BB%D0%B8%D0%BD%D0%B0+%D0%A7%D0%B5%D0%BC%D0%B5%D1%80%D0%B8%D1%81%22 200
2026-01-30 01:41:39,538 [WARNING] KeyError('html') - backend is not exist or disabled. Available: brave, duckduckgo, google, grokipedia, mojeek, wikipedia, yahoo, yandex. Using 'auto'
2026-01-30 01:41:39,963 [INFO] response: https://en.wikipedia.org/w/api.php?action=opensearch&profile=fuzzy&limit=1&search=site%3Aimginn.com%20%22%D0%93%D0%B0%D0%BB%D0%B8%D0%BD%D0%B0%20%D0%A7%D0%B5%D0%BC%D0%B5%D1%80%D0%B8%D1%81%22 200
2026-01-30 01:41:40,510 [INFO] response: https://grokipedia.com/api/typeahead?query=site%3Aimginn.com+%22%D0%93%D0%B0%D0%BB%D0%B8%D0%BD%D0%B0+%D0%A7%D0%B5%D0%BC%D0%B5%D1%80%D0%B8%D1%81%22&limit=1 200
2026-01-30 01:41:41,698 [INFO] response: https://yandex.com/search/site/?text=site%3Aimginn.com+%22%D0%93%D0%B0%D0%BB%D0%B8%D0%BD%D0%B0+%D0%A7%D0%B5%D0%BC%D0%B5%D1%80%D0%B8%D1%81%22&web=1&searchid=6673866 200
2026-01-30 01:41:42,146 [INFO] response: https://search.brave.com/search?q=site%3Aimginn.com+%22%D0%93%D0%B0%D0%BB%D0%B8%D0%BD%D0%B0+%D0%A7%D0%B5%D0%BC%D0%B5%D1%80%D0%B8%D1%81%22&source=web 429
2026-01-30 01:41:43,049 [INFO] response: https://www.google.com/sorry/index?continue=https://www.google.com/search%3Fq%3Dsite%253Aimginn.com%2B%2522%25D0%2593%25D0%25B0%25D0%25BB%25D0%25B8%25D0%25BD%25D0%25B0%2B%25D0%25A7%25D0%25B5%25D0%25BC%25D0%25B5%25D1%2580%25D0%25B8%25D1%2581%2522%26filter%3D1%26start%3D0%26hl%3Den-US%26lr%3Dlang_en%26cr%3DcountryUS&hl=en-US&q=EhAkCUDSEU6Z-gSJVy1Use1dGPn97ssGIjBU20oQ6sLzvMUjjqIMiItMmNeeKDU0FBYNJWwA4mEmgD1ybEYQCZBVJ3PrSAV9Yx4yAnJSWgFD 429
2026-01-30 01:41:43,981 [INFO] response: https://www.mojeek.com/search?q=site%3Aimginn.com+%22%D0%93%D0%B0%D0%BB%D0%B8%D0%BD%D0%B0+%D0%A7%D0%B5%D0%BC%D0%B5%D1%80%D0%B8%D1%81%22 200
2026-01-30 01:41:44,865 [INFO] response: https://search.yahoo.com/search;_ylt=wZaXJS41MMuVkp41yRcWX5hj;_ylu=9fHxFz_NVnroyKBC-HNyxK0HYJ97JvKvvaeezafHq72tfMs?p=site%3Aimginn.com+%22%D0%93%D0%B0%D0%BB%D0%B8%D0%BD%D0%B0+%D0%A7%D0%B5%D0%BC%D0%B5%D1%80%D0%B8%D1%81%22 200
2026-01-30 01:41:45,349 [INFO] HTTP Request: POST https://html.duckduckgo.com/html/ "HTTP/2 202 Accepted"
2026-01-30 01:41:47,770 [INFO] response: https://en.wikipedia.org/w/api.php?action=opensearch&profile=fuzzy&limit=1&search=site%3Apicuki.com%20%22%D0%93%D0%B0%D0%BB%D0%B8%D0%BD%D0%B0%20%D0%A7%D0%B5%D0%BC%D0%B5%D1%80%D0%B8%D1%81%22 200
2026-01-30 01:41:47,975 [INFO] response: https://grokipedia.com/api/typeahead?query=site%3Apicuki.com+%22%D0%93%D0%B0%D0%BB%D0%B8%D0%BD%D0%B0+%D0%A7%D0%B5%D0%BC%D0%B5%D1%80%D0%B8%D1%81%22&limit=1 200
2026-01-30 01:41:49,046 [INFO] HTTP Request: POST https://html.duckduckgo.com/html/ "HTTP/2 202 Accepted"
2026-01-30 01:41:49,760 [INFO] response: https://search.yahoo.com/search;_ylt=o5qUWGXU51LoPEg6_bNsNSXp;_ylu=R76QvVhI0icKoLk8Fpf2XRLMuDqbpjdpXOJSdFSVBrMf-o8?p=site%3Apicuki.com+%22%D0%93%D0%B0%D0%BB%D0%B8%D0%BD%D0%B0+%D0%A7%D0%B5%D0%BC%D0%B5%D1%80%D0%B8%D1%81%22 200
2026-01-30 01:41:50,696 [INFO] response: https://www.google.com/sorry/index?continue=https://www.google.com/search%3Fq%3Dsite%253Apicuki.com%2B%2522%25D0%2593%25D0%25B0%25D0%25BB%25D0%25B8%25D0%25BD%25D0%25B0%2B%25D0%25A7%25D0%25B5%25D0%25BC%25D0%25B5%25D1%2580%25D0%25B8%25D1%2581%2522%26filter%3D1%26start%3D0%26hl%3Den-US%26lr%3Dlang_en%26cr%3DcountryUS&hl=en-US&q=EhAkCUDSEU6Z-gSJVy1Use1dGIH-7ssGIjAnqflQvBjiYCpj-WDF4Ug3Qku5e38PiSd73O05EGRLeNU9JZLErP0ll2p4ircb2dIyAnJSWgFD 429
2026-01-30 01:41:51,990 [INFO] response: https://yandex.com/search/site/?text=site%3Apicuki.com+%22%D0%93%D0%B0%D0%BB%D0%B8%D0%BD%D0%B0+%D0%A7%D0%B5%D0%BC%D0%B5%D1%80%D0%B8%D1%81%22&web=1&searchid=8773750 200
2026-01-30 01:41:52,870 [INFO] response: https://www.mojeek.com/search?q=site%3Apicuki.com+%22%D0%93%D0%B0%D0%BB%D0%B8%D0%BD%D0%B0+%D0%A7%D0%B5%D0%BC%D0%B5%D1%80%D0%B8%D1%81%22 200
2026-01-30 01:41:53,492 [INFO] response: https://search.brave.com/search?q=site%3Apicuki.com+%22%D0%93%D0%B0%D0%BB%D0%B8%D0%BD%D0%B0+%D0%A7%D0%B5%D0%BC%D0%B5%D1%80%D0%B8%D1%81%22&source=web 429
2026-01-30 01:41:55,539 [WARNING] KeyError('html') - backend is not exist or disabled. Available: brave, duckduckgo, google, grokipedia, mojeek, wikipedia, yahoo, yandex. Using 'auto'
2026-01-30 01:41:56,035 [INFO] response: https://en.wikipedia.org/w/api.php?action=opensearch&profile=fuzzy&limit=1&search=site%3Apicuki.com%20%22%D0%93%D0%B0%D0%BB%D0%B8%D0%BD%D0%B0%20%D0%A7%D0%B5%D0%BC%D0%B5%D1%80%D0%B8%D1%81%22 200
2026-01-30 01:41:56,950 [INFO] response: https://grokipedia.com/api/typeahead?query=site%3Apicuki.com+%22%D0%93%D0%B0%D0%BB%D0%B8%D0%BD%D0%B0+%D0%A7%D0%B5%D0%BC%D0%B5%D1%80%D0%B8%D1%81%22&limit=1 200
2026-01-30 01:41:58,283 [INFO] response: https://yandex.com/search/site/?text=site%3Apicuki.com+%22%D0%93%D0%B0%D0%BB%D0%B8%D0%BD%D0%B0+%D0%A7%D0%B5%D0%BC%D0%B5%D1%80%D0%B8%D1%81%22&web=1&searchid=4475110 200
2026-01-30 01:41:59,152 [INFO] response: https://search.yahoo.com/search;_ylt=05C1wWeec93WL3myGrg_qos_;_ylu=5CT06HoR6q-LyyVw-6g8IUm6j52k_ByPg0t3KNEL1x0kOo0?p=site%3Apicuki.com+%22%D0%93%D0%B0%D0%BB%D0%B8%D0%BD%D0%B0+%D0%A7%D0%B5%D0%BC%D0%B5%D1%80%D0%B8%D1%81%22 200
2026-01-30 01:41:59,476 [INFO] HTTP Request: POST https://html.duckduckgo.com/html/ "HTTP/2 202 Accepted"
2026-01-30 01:42:00,254 [INFO] response: https://www.google.com/sorry/index?continue=https://www.google.com/search%3Fq%3Dsite%253Apicuki.com%2B%2522%25D0%2593%25D0%25B0%25D0%25BB%25D0%25B8%25D0%25BD%25D0%25B0%2B%25D0%25A7%25D0%25B5%25D0%25BC%25D0%25B5%25D1%2580%25D0%25B8%25D1%2581%2522%26filter%3D1%26start%3D0%26hl%3Den-US%26lr%3Dlang_en%26cr%3DcountryUS&hl=en-US&q=EhAkCUDSEU6Z-gSJVy1Use1dGIr-7ssGIjDsV3MuFNW90tEQyGE8opQGfpwmYJamByUNlpzIQCNdlqBL_v1ToEyVPKP5ocZo-rQyAnJSWgFD 429
2026-01-30 01:42:00,719 [INFO] response: https://search.brave.com/search?q=site%3Apicuki.com+%22%D0%93%D0%B0%D0%BB%D0%B8%D0%BD%D0%B0+%D0%A7%D0%B5%D0%BC%D0%B5%D1%80%D0%B8%D1%81%22&source=web 429
2026-01-30 01:42:01,645 [INFO] response: https://www.mojeek.com/search?q=site%3Apicuki.com+%22%D0%93%D0%B0%D0%BB%D0%B8%D0%BD%D0%B0+%D0%A7%D0%B5%D0%BC%D0%B5%D1%80%D0%B8%D1%81%22 200
2026-01-30 01:42:03,913 [INFO] response: https://en.wikipedia.org/w/api.php?action=opensearch&profile=fuzzy&limit=1&search=%22%D0%93%D0%B0%D0%BB%D0%B8%D0%BD%D0%B0%20%D0%A7%D0%B5%D0%BC%D0%B5%D1%80%D0%B8%D1%81%22%20%22%D0%91%D1%80%D0%B0%D0%B8%D0%BB%D0%BE%D0%B2%22 200
2026-01-30 01:42:04,618 [INFO] response: https://grokipedia.com/api/typeahead?query=%22%D0%93%D0%B0%D0%BB%D0%B8%D0%BD%D0%B0+%D0%A7%D0%B5%D0%BC%D0%B5%D1%80%D0%B8%D1%81%22+%22%D0%91%D1%80%D0%B0%D0%B8%D0%BB%D0%BE%D0%B2%22&limit=1 200
2026-01-30 01:42:05,571 [INFO] response: https://www.google.com/sorry/index?continue=https://www.google.com/search%3Fq%3D%2522%25D0%2593%25D0%25B0%25D0%25BB%25D0%25B8%25D0%25BD%25D0%25B0%2B%25D0%25A7%25D0%25B5%25D0%25BC%25D0%25B5%25D1%2580%25D0%25B8%25D1%2581%2522%2B%2522%25D0%2591%25D1%2580%25D0%25B0%25D0%25B8%25D0%25BB%25D0%25BE%25D0%25B2%2522%26filter%3D1%26start%3D0%26hl%3Den-US%26lr%3Dlang_en%26cr%3DcountryUS&hl=en-US&q=EhAkCUDSEU6Z-gSJVy1Use1dGJD-7ssGIjCUynUASW1QNyUgIq7_oRuz8XQBN0BroqNX30hEtKWNQqv8uXTYV9mQNO88Ie-NlPYyAnJSWgFD 429
2026-01-30 01:42:05,975 [INFO] response: https://search.brave.com/search?q=%22%D0%93%D0%B0%D0%BB%D0%B8%D0%BD%D0%B0+%D0%A7%D0%B5%D0%BC%D0%B5%D1%80%D0%B8%D1%81%22+%22%D0%91%D1%80%D0%B0%D0%B8%D0%BB%D0%BE%D0%B2%22&source=web 429
2026-01-30 01:42:06,311 [INFO] HTTP Request: POST https://html.duckduckgo.com/html/ "HTTP/2 202 Accepted"
2026-01-30 01:42:07,638 [INFO] response: https://yandex.com/search/site/?text=%22%D0%93%D0%B0%D0%BB%D0%B8%D0%BD%D0%B0+%D0%A7%D0%B5%D0%BC%D0%B5%D1%80%D0%B8%D1%81%22+%22%D0%91%D1%80%D0%B0%D0%B8%D0%BB%D0%BE%D0%B2%22&web=1&searchid=6004677 200
2026-01-30 01:42:08,627 [INFO] response: https://www.mojeek.com/search?q=%22%D0%93%D0%B0%D0%BB%D0%B8%D0%BD%D0%B0+%D0%A7%D0%B5%D0%BC%D0%B5%D1%80%D0%B8%D1%81%22+%22%D0%91%D1%80%D0%B0%D0%B8%D0%BB%D0%BE%D0%B2%22 200
2026-01-30 01:42:09,520 [INFO] response: https://search.yahoo.com/search;_ylt=2ixn_E5A6WBuNs57VVqbKoKl;_ylu=iOngeUrx0tSRycuFxcN7rXOM27eNSwlbE-7T59dWOe58YwY?p=%22%D0%93%D0%B0%D0%BB%D0%B8%D0%BD%D0%B0+%D0%A7%D0%B5%D0%BC%D0%B5%D1%80%D0%B8%D1%81%22+%22%D0%91%D1%80%D0%B0%D0%B8%D0%BB%D0%BE%D0%B2%22 200
2026-01-30 01:42:46,601 [INFO] HTTP Request: POST http://127.0.0.1:11434/api/chat "HTTP/1.1 200 OK"
2026-01-30 01:42:59,498 [INFO] response: https://en.wikipedia.org/w/api.php?action=opensearch&profile=fuzzy&limit=1&search=%D0%A2%D0%B0%D1%82%D1%8C%D1%8F%D0%BD%D0%B0%20%D0%A8%D0%B0%D0%BF%D0%BE%D1%88%D0%BD%D0%B8%D0%BA%20%28%D0%9B%D0%B0%D0%B7%D0%B0%D1%80%D1%83%D0%BA%29%20email 200
2026-01-30 01:43:00,201 [INFO] response: https://grokipedia.com/api/typeahead?query=%D0%A2%D0%B0%D1%82%D1%8C%D1%8F%D0%BD%D0%B0+%D0%A8%D0%B0%D0%BF%D0%BE%D1%88%D0%BD%D0%B8%D0%BA+%28%D0%9B%D0%B0%D0%B7%D0%B0%D1%80%D1%83%D0%BA%29+email&limit=1 200
2026-01-30 01:43:01,557 [INFO] response: https://yandex.com/search/site/?text=%D0%A2%D0%B0%D1%82%D1%8C%D1%8F%D0%BD%D0%B0+%D0%A8%D0%B0%D0%BF%D0%BE%D1%88%D0%BD%D0%B8%D0%BA+%28%D0%9B%D0%B0%D0%B7%D0%B0%D1%80%D1%83%D0%BA%29+email&web=1&searchid=6004112 200
2026-01-30 01:45:21,007 [INFO] response: https://en.wikipedia.org/w/api.php?action=opensearch&profile=fuzzy&limit=1&search=%D0%A2%D0%B0%D1%82%D1%8C%D1%8F%D0%BD%D0%B0%20%D0%A8%D0%B0%D0%BF%D0%BE%D1%88%D0%BD%D0%B8%D0%BA%20%28%D0%9B%D0%B0%D0%B7%D0%B0%D1%80%D1%83%D0%BA%29%20phone%20number 200
2026-01-30 01:45:22,383 [INFO] response: https://grokipedia.com/api/typeahead?query=%D0%A2%D0%B0%D1%82%D1%8C%D1%8F%D0%BD%D0%B0+%D0%A8%D0%B0%D0%BF%D0%BE%D1%88%D0%BD%D0%B8%D0%BA+%28%D0%9B%D0%B0%D0%B7%D0%B0%D1%80%D1%83%D0%BA%29+phone+number&limit=1 200
2026-01-30 01:45:23,724 [INFO] response: https://yandex.com/search/site/?text=%D0%A2%D0%B0%D1%82%D1%8C%D1%8F%D0%BD%D0%B0+%D0%A8%D0%B0%D0%BF%D0%BE%D1%88%D0%BD%D0%B8%D0%BA+%28%D0%9B%D0%B0%D0%B7%D0%B0%D1%80%D1%83%D0%BA%29+phone+number&web=1&searchid=8481631 200
2026-01-30 01:47:00,109 [INFO] response: https://en.wikipedia.org/w/api.php?action=opensearch&profile=fuzzy&limit=1&search=ID%20339294956216%20%D0%9E%D0%B4%D0%BD%D0%BE%D0%BA%D0%BB%D0%B0%D1%81%D1%81%D0%BD%D0%B8%D0%BA%D0%B8 200
2026-01-30 01:47:00,369 [INFO] response: https://grokipedia.com/api/typeahead?query=ID+339294956216+%D0%9E%D0%B4%D0%BD%D0%BE%D0%BA%D0%BB%D0%B0%D1%81%D1%81%D0%BD%D0%B8%D0%BA%D0%B8&limit=1 200
2026-01-30 01:47:01,234 [INFO] response: https://www.mojeek.com/search?q=ID+339294956216+%D0%9E%D0%B4%D0%BD%D0%BE%D0%BA%D0%BB%D0%B0%D1%81%D1%81%D0%BD%D0%B8%D0%BA%D0%B8 200
2026-01-30 01:47:02,178 [INFO] response: https://search.yahoo.com/search;_ylt=zxNrIA-myiV3ZXFGo_mxH-be;_ylu=4nObTiR_o1IRPGn_2WS6j58zk3YzwH8Gn2xQT28YYmGDnXw?p=ID+339294956216+%D0%9E%D0%B4%D0%BD%D0%BE%D0%BA%D0%BB%D0%B0%D1%81%D1%81%D0%BD%D0%B8%D0%BA%D0%B8 200
2026-01-30 01:47:04,113 [INFO] response: https://search.brave.com/search?q=ID+339294956216+%D0%9E%D0%B4%D0%BD%D0%BE%D0%BA%D0%BB%D0%B0%D1%81%D1%81%D0%BD%D0%B8%D0%BA%D0%B8&source=web 200
2026-01-30 01:49:47,201 [INFO] HTTP Request: POST http://127.0.0.1:11434/api/chat "HTTP/1.1 200 OK"
2026-01-30 01:49:58,070 [INFO] HTTP Request: POST http://127.0.0.1:11434/api/chat "HTTP/1.1 200 OK"
2026-01-30 01:50:22,242 [INFO] Response Status: 200
2026-01-30 01:52:13,453 [INFO] Incoming Request: POST /api/analyze
2026-01-30 01:52:13,460 [INFO] --- STARTING ANALYSIS FOR: Павел Столбовский ---
2026-01-30 01:52:15,620 [INFO] response: https://en.wikipedia.org/w/api.php?action=opensearch&profile=fuzzy&limit=1&search=site%3Anitter.net%20%22%D0%9F%D0%B0%D0%B2%D0%B5%D0%BB%20%D0%A1%D1%82%D0%BE%D0%BB%D0%B1%D0%BE%D0%B2%D1%81%D0%BA%D0%B8%D0%B9%22 200
2026-01-30 01:52:16,349 [INFO] response: https://grokipedia.com/api/typeahead?query=site%3Anitter.net+%22%D0%9F%D0%B0%D0%B2%D0%B5%D0%BB+%D0%A1%D1%82%D0%BE%D0%BB%D0%B1%D0%BE%D0%B2%D1%81%D0%BA%D0%B8%D0%B9%22&limit=1 200
2026-01-30 01:52:17,353 [INFO] response: https://www.mojeek.com/search?q=site%3Anitter.net+%22%D0%9F%D0%B0%D0%B2%D0%B5%D0%BB+%D0%A1%D1%82%D0%BE%D0%BB%D0%B1%D0%BE%D0%B2%D1%81%D0%BA%D0%B8%D0%B9%22 403
2026-01-30 01:52:18,592 [INFO] response: https://yandex.com/search/site/?text=site%3Anitter.net+%22%D0%9F%D0%B0%D0%B2%D0%B5%D0%BB+%D0%A1%D1%82%D0%BE%D0%BB%D0%B1%D0%BE%D0%B2%D1%81%D0%BA%D0%B8%D0%B9%22&web=1&searchid=6047221 200
2026-01-30 01:52:19,332 [INFO] response: https://www.google.com/sorry/index?continue=https://www.google.com/search%3Fq%3Dsite%253Anitter.net%2B%2522%25D0%259F%25D0%25B0%25D0%25B2%25D0%25B5%25D0%25BB%2B%25D0%25A1%25D1%2582%25D0%25BE%25D0%25BB%25D0%25B1%25D0%25BE%25D0%25B2%25D1%2581%25D0%25BA%25D0%25B8%25D0%25B9%2522%26filter%3D1%26start%3D0%26hl%3Den-US%26lr%3Dlang_en%26cr%3DcountryUS&hl=en-US&q=EhAkCUDSEU6Z-gSJVy1Use1dGPaC78sGIjBj7Ekty6JU59RWl23EWU4wRNYVYwQs4HUmm6zwh1g3cVs2DhbWuu-lGey3vY8y8cAyAnJSWgFD 429
2026-01-30 01:52:20,221 [INFO] response: https://search.brave.com/search?q=site%3Anitter.net+%22%D0%9F%D0%B0%D0%B2%D0%B5%D0%BB+%D0%A1%D1%82%D0%BE%D0%BB%D0%B1%D0%BE%D0%B2%D1%81%D0%BA%D0%B8%D0%B9%22&source=web 200
2026-01-30 01:53:53,538 [INFO] response: https://en.wikipedia.org/w/api.php?action=opensearch&profile=fuzzy&limit=1&search=site%3Aanonigviewer.com%20%22%D0%9F%D0%B0%D0%B2%D0%B5%D0%BB%20%D0%A1%D1%82%D0%BE%D0%BB%D0%B1%D0%BE%D0%B2%D1%81%D0%BA%D0%B8%D0%B9%22 200
2026-01-30 01:53:53,744 [INFO] response: https://grokipedia.com/api/typeahead?query=site%3Aanonigviewer.com+%22%D0%9F%D0%B0%D0%B2%D0%B5%D0%BB+%D0%A1%D1%82%D0%BE%D0%BB%D0%B1%D0%BE%D0%B2%D1%81%D0%BA%D0%B8%D0%B9%22&limit=1 200
2026-01-30 01:53:54,974 [INFO] response: https://yandex.com/search/site/?text=site%3Aanonigviewer.com+%22%D0%9F%D0%B0%D0%B2%D0%B5%D0%BB+%D0%A1%D1%82%D0%BE%D0%BB%D0%B1%D0%BE%D0%B2%D1%81%D0%BA%D0%B8%D0%B9%22&web=1&searchid=1453205 200
2026-01-30 01:53:55,385 [INFO] HTTP Request: POST https://html.duckduckgo.com/html/ "HTTP/2 202 Accepted"
2026-01-30 01:53:56,319 [INFO] response: https://search.yahoo.com/search;_ylt=bLD6Xxn0rMvL04RFNmpYzjcC;_ylu=jjmuqw9hICSj16xfD5qabIf_vgfYGDlrj-s_JWZlTLsv2XI?p=site%3Aanonigviewer.com+%22%D0%9F%D0%B0%D0%B2%D0%B5%D0%BB+%D0%A1%D1%82%D0%BE%D0%BB%D0%B1%D0%BE%D0%B2%D1%81%D0%BA%D0%B8%D0%B9%22 200
2026-01-30 01:53:56,953 [INFO] response: https://search.brave.com/search?q=site%3Aanonigviewer.com+%22%D0%9F%D0%B0%D0%B2%D0%B5%D0%BB+%D0%A1%D1%82%D0%BE%D0%BB%D0%B1%D0%BE%D0%B2%D1%81%D0%BA%D0%B8%D0%B9%22&source=web 429
2026-01-30 01:53:57,679 [INFO] response: https://www.google.com/sorry/index?continue=https://www.google.com/search%3Fq%3Dsite%253Aanonigviewer.com%2B%2522%25D0%259F%25D0%25B0%25D0%25B2%25D0%25B5%25D0%25BB%2B%25D0%25A1%25D1%2582%25D0%25BE%25D0%25BB%25D0%25B1%25D0%25BE%25D0%25B2%25D1%2581%25D0%25BA%25D0%25B8%25D0%25B9%2522%26filter%3D1%26start%3D0%26hl%3Den-US%26lr%3Dlang_en%26cr%3DcountryUS&hl=en-US&q=EhAkCUDSEU6Z-gSJVy1Use1dGNiD78sGIjD0yNJrmW-itg5Mqqtn32g9iicXcP3AhfxNjLK4EhYTlAml1xBCPsIpKo08my2-p08yAnJSWgFD 429
2026-01-30 01:53:58,654 [INFO] response: https://www.mojeek.com/search?q=site%3Aanonigviewer.com+%22%D0%9F%D0%B0%D0%B2%D0%B5%D0%BB+%D0%A1%D1%82%D0%BE%D0%BB%D0%B1%D0%BE%D0%B2%D1%81%D0%BA%D0%B8%D0%B9%22 403
2026-01-30 01:54:03,710 [INFO] response: https://en.wikipedia.org/w/api.php?action=opensearch&profile=fuzzy&limit=1&search=site%3Agreatfon.com%20%22%D0%9F%D0%B0%D0%B2%D0%B5%D0%BB%20%D0%A1%D1%82%D0%BE%D0%BB%D0%B1%D0%BE%D0%B2%D1%81%D0%BA%D0%B8%D0%B9%22 200
2026-01-30 01:54:04,126 [INFO] response: https://grokipedia.com/api/typeahead?query=site%3Agreatfon.com+%22%D0%9F%D0%B0%D0%B2%D0%B5%D0%BB+%D0%A1%D1%82%D0%BE%D0%BB%D0%B1%D0%BE%D0%B2%D1%81%D0%BA%D0%B8%D0%B9%22&limit=1 200
2026-01-30 01:54:04,530 [INFO] response: https://search.brave.com/search?q=site%3Agreatfon.com+%22%D0%9F%D0%B0%D0%B2%D0%B5%D0%BB+%D0%A1%D1%82%D0%BE%D0%BB%D0%B1%D0%BE%D0%B2%D1%81%D0%BA%D0%B8%D0%B9%22&source=web 429
2026-01-30 01:54:05,477 [INFO] response: https://www.mojeek.com/search?q=site%3Agreatfon.com+%22%D0%9F%D0%B0%D0%B2%D0%B5%D0%BB+%D0%A1%D1%82%D0%BE%D0%BB%D0%B1%D0%BE%D0%B2%D1%81%D0%BA%D0%B8%D0%B9%22 403
2026-01-30 01:54:06,680 [INFO] response: https://yandex.com/search/site/?text=site%3Agreatfon.com+%22%D0%9F%D0%B0%D0%B2%D0%B5%D0%BB+%D0%A1%D1%82%D0%BE%D0%BB%D0%B1%D0%BE%D0%B2%D1%81%D0%BA%D0%B8%D0%B9%22&web=1&searchid=3354270 200
2026-01-30 01:54:07,415 [INFO] response: https://search.yahoo.com/search;_ylt=qVD5KXPrT6HFLXU_JfHkShF6;_ylu=Ny5kiqKcN2HdkRMHH91Gi7qvDwzbDxKSHVDNWn6AKbdtTvQ?p=site%3Agreatfon.com+%22%D0%9F%D0%B0%D0%B2%D0%B5%D0%BB+%D0%A1%D1%82%D0%BE%D0%BB%D0%B1%D0%BE%D0%B2%D1%81%D0%BA%D0%B8%D0%B9%22 200
2026-01-30 01:54:08,406 [INFO] response: https://www.google.com/sorry/index?continue=https://www.google.com/search%3Fq%3Dsite%253Agreatfon.com%2B%2522%25D0%259F%25D0%25B0%25D0%25B2%25D0%25B5%25D0%25BB%2B%25D0%25A1%25D1%2582%25D0%25BE%25D0%25BB%25D0%25B1%25D0%25BE%25D0%25B2%25D1%2581%25D0%25BA%25D0%25B8%25D0%25B9%2522%26filter%3D1%26start%3D0%26hl%3Den-US%26lr%3Dlang_en%26cr%3DcountryUS&hl=en-US&q=EhAkCUDSEU6Z-gSJVy1Use1dGOOD78sGIjBZibP7IeVjcxBfkrFkpGGOprS7HsFYoDvVvaPtUg5MUFLaz9jOuzMo13PrLj2gsYEyAnJSWgFD 429
2026-01-30 01:55:26,754 [INFO] response: https://en.wikipedia.org/w/api.php?action=opensearch&profile=fuzzy&limit=1&search=site%3Adumpor.com%20%22%D0%9F%D0%B0%D0%B2%D0%B5%D0%BB%20%D0%A1%D1%82%D0%BE%D0%BB%D0%B1%D0%BE%D0%B2%D1%81%D0%BA%D0%B8%D0%B9%22 200
2026-01-30 01:55:26,911 [INFO] response: https://grokipedia.com/api/typeahead?query=site%3Adumpor.com+%22%D0%9F%D0%B0%D0%B2%D0%B5%D0%BB+%D0%A1%D1%82%D0%BE%D0%BB%D0%B1%D0%BE%D0%B2%D1%81%D0%BA%D0%B8%D0%B9%22&limit=1 200
2026-01-30 01:55:27,649 [INFO] response: https://www.google.com/sorry/index?continue=https://www.google.com/search%3Fq%3Dsite%253Adumpor.com%2B%2522%25D0%259F%25D0%25B0%25D0%25B2%25D0%25B5%25D0%25BB%2B%25D0%25A1%25D1%2582%25D0%25BE%25D0%25BB%25D0%25B1%25D0%25BE%25D0%25B2%25D1%2581%25D0%25BA%25D0%25B8%25D0%25B9%2522%26filter%3D1%26start%3D0%26hl%3Den-US%26lr%3Dlang_en%26cr%3DcountryUS&hl=en-US&q=EhAkCUDSEU6Z-gSJVy1Use1dGLKE78sGIjCbypxGoiTIKv1Z65GPq42GYT1Jp7yTfoNwKg3t6JvOOPLFgHHgqFvK48zAIe07whMyAnJSWgFD 429
2026-01-30 01:55:28,545 [INFO] response: https://www.mojeek.com/search?q=site%3Adumpor.com+%22%D0%9F%D0%B0%D0%B2%D0%B5%D0%BB+%D0%A1%D1%82%D0%BE%D0%BB%D0%B1%D0%BE%D0%B2%D1%81%D0%BA%D0%B8%D0%B9%22 403
2026-01-30 01:55:29,323 [INFO] response: https://search.yahoo.com/search;_ylt=zcFPLOm-VRF_0yVKNkBx_Tau;_ylu=YmcNxtIIt0R2i74EYgyiWA03-YH-Rn8lXmVJ7CQwisBERig?p=site%3Adumpor.com+%22%D0%9F%D0%B0%D0%B2%D0%B5%D0%BB+%D0%A1%D1%82%D0%BE%D0%BB%D0%B1%D0%BE%D0%B2%D1%81%D0%BA%D0%B8%D0%B9%22 200
2026-01-30 01:55:30,026 [INFO] response: https://search.brave.com/search?q=site%3Adumpor.com+%22%D0%9F%D0%B0%D0%B2%D0%B5%D0%BB+%D0%A1%D1%82%D0%BE%D0%BB%D0%B1%D0%BE%D0%B2%D1%81%D0%BA%D0%B8%D0%B9%22&source=web 429
2026-01-30 01:55:30,381 [INFO] HTTP Request: POST https://html.duckduckgo.com/html/ "HTTP/2 202 Accepted"
2026-01-30 01:55:31,603 [INFO] response: https://yandex.com/search/site/?text=site%3Adumpor.com+%22%D0%9F%D0%B0%D0%B2%D0%B5%D0%BB+%D0%A1%D1%82%D0%BE%D0%BB%D0%B1%D0%BE%D0%B2%D1%81%D0%BA%D0%B8%D0%B9%22&web=1&searchid=9403697 200
2026-01-30 01:55:33,612 [WARNING] KeyError('html') - backend is not exist or disabled. Available: brave, duckduckgo, google, grokipedia, mojeek, wikipedia, yahoo, yandex. Using 'auto'
2026-01-30 01:55:34,045 [INFO] response: https://en.wikipedia.org/w/api.php?action=opensearch&profile=fuzzy&limit=1&search=site%3Adumpor.com%20%22%D0%9F%D0%B0%D0%B2%D0%B5%D0%BB%20%D0%A1%D1%82%D0%BE%D0%BB%D0%B1%D0%BE%D0%B2%D1%81%D0%BA%D0%B8%D0%B9%22 200
2026-01-30 01:55:34,684 [INFO] response: https://grokipedia.com/api/typeahead?query=site%3Adumpor.com+%22%D0%9F%D0%B0%D0%B2%D0%B5%D0%BB+%D0%A1%D1%82%D0%BE%D0%BB%D0%B1%D0%BE%D0%B2%D1%81%D0%BA%D0%B8%D0%B9%22&limit=1 200
2026-01-30 01:55:34,980 [INFO] HTTP Request: POST https://html.duckduckgo.com/html/ "HTTP/2 202 Accepted"
2026-01-30 01:55:35,678 [INFO] response: https://search.yahoo.com/search;_ylt=Ao2f7RagJ5i8UOvaVwtKmm0m;_ylu=fF-vvjoXx6cIdi5azF6UqgMf8H8_vCDqe4EKcE3wZ8G7h4Y?p=site%3Adumpor.com+%22%D0%9F%D0%B0%D0%B2%D0%B5%D0%BB+%D0%A1%D1%82%D0%BE%D0%BB%D0%B1%D0%BE%D0%B2%D1%81%D0%BA%D0%B8%D0%B9%22 200
2026-01-30 01:55:36,947 [INFO] response: https://www.google.com/sorry/index?continue=https://www.google.com/search%3Fq%3Dsite%253Adumpor.com%2B%2522%25D0%259F%25D0%25B0%25D0%25B2%25D0%25B5%25D0%25BB%2B%25D0%25A1%25D1%2582%25D0%25BE%25D0%25BB%25D0%25B1%25D0%25BE%25D0%25B2%25D1%2581%25D0%25BA%25D0%25B8%25D0%25B9%2522%26filter%3D1%26start%3D0%26hl%3Den-US%26lr%3Dlang_en%26cr%3DcountryUS&hl=en-US&q=EhAkCUDSEU6Z-gSJVy1Use1dGLuE78sGIjBshVpXYmckQXDImsmHYKAeKCgqXgXEiakg5bXkSM3__ug5yNCe-FPkS5pTjs78pwoyAnJSWgFD 429
2026-01-30 01:55:37,381 [INFO] response: https://search.brave.com/search?q=site%3Adumpor.com+%22%D0%9F%D0%B0%D0%B2%D0%B5%D0%BB+%D0%A1%D1%82%D0%BE%D0%BB%D0%B1%D0%BE%D0%B2%D1%81%D0%BA%D0%B8%D0%B9%22&source=web 429
2026-01-30 01:55:38,387 [INFO] response: https://www.mojeek.com/search?q=site%3Adumpor.com+%22%D0%9F%D0%B0%D0%B2%D0%B5%D0%BB+%D0%A1%D1%82%D0%BE%D0%BB%D0%B1%D0%BE%D0%B2%D1%81%D0%BA%D0%B8%D0%B9%22 403
2026-01-30 01:55:39,560 [INFO] response: https://yandex.com/search/site/?text=site%3Adumpor.com+%22%D0%9F%D0%B0%D0%B2%D0%B5%D0%BB+%D0%A1%D1%82%D0%BE%D0%BB%D0%B1%D0%BE%D0%B2%D1%81%D0%BA%D0%B8%D0%B9%22&web=1&searchid=9299347 200
2026-01-30 01:55:42,014 [INFO] response: https://en.wikipedia.org/w/api.php?action=opensearch&profile=fuzzy&limit=1&search=site%3Agramhir.com%20%22%D0%9F%D0%B0%D0%B2%D0%B5%D0%BB%20%D0%A1%D1%82%D0%BE%D0%BB%D0%B1%D0%BE%D0%B2%D1%81%D0%BA%D0%B8%D0%B9%22 200
2026-01-30 01:55:45,147 [INFO] response: https://grokipedia.com/api/typeahead?query=site%3Agramhir.com+%22%D0%9F%D0%B0%D0%B2%D0%B5%D0%BB+%D0%A1%D1%82%D0%BE%D0%BB%D0%B1%D0%BE%D0%B2%D1%81%D0%BA%D0%B8%D0%B9%22&limit=1 200
2026-01-30 01:55:47,111 [INFO] response: https://yandex.com/search/site/?text=site%3Agramhir.com+%22%D0%9F%D0%B0%D0%B2%D0%B5%D0%BB+%D0%A1%D1%82%D0%BE%D0%BB%D0%B1%D0%BE%D0%B2%D1%81%D0%BA%D0%B8%D0%B9%22&web=1&searchid=4314329 200
2026-01-30 01:55:47,538 [INFO] response: https://search.brave.com/search?q=site%3Agramhir.com+%22%D0%9F%D0%B0%D0%B2%D0%B5%D0%BB+%D0%A1%D1%82%D0%BE%D0%BB%D0%B1%D0%BE%D0%B2%D1%81%D0%BA%D0%B8%D0%B9%22&source=web 429
2026-01-30 01:55:48,348 [INFO] response: https://search.yahoo.com/search;_ylt=KkMSrFCfhQ7u-dx31T8IUHYs;_ylu=ZRrFjVHPo3pWCHgjvdlxabnO0PYlLR9MXmM4Z3kJ6rJXwpk?p=site%3Agramhir.com+%22%D0%9F%D0%B0%D0%B2%D0%B5%D0%BB+%D0%A1%D1%82%D0%BE%D0%BB%D0%B1%D0%BE%D0%B2%D1%81%D0%BA%D0%B8%D0%B9%22 200
2026-01-30 01:55:49,626 [INFO] response: https://www.google.com/sorry/index?continue=https://www.google.com/search%3Fq%3Dsite%253Agramhir.com%2B%2522%25D0%259F%25D0%25B0%25D0%25B2%25D0%25B5%25D0%25BB%2B%25D0%25A1%25D1%2582%25D0%25BE%25D0%25BB%25D0%25B1%25D0%25BE%25D0%25B2%25D1%2581%25D0%25BA%25D0%25B8%25D0%25B9%2522%26filter%3D1%26start%3D0%26hl%3Den-US%26lr%3Dlang_en%26cr%3DcountryUS&hl=en-US&q=EhAkCUDSEU6Z-gSJVy1Use1dGMiE78sGIjDtSeC0puipLzzirHZDxPUMPrDQxvLVu60onxh75ztrU8l7DSaNFiacRzp01Wcpq98yAnJSWgFD 429
2026-01-30 01:55:50,655 [INFO] response: https://www.mojeek.com/search?q=site%3Agramhir.com+%22%D0%9F%D0%B0%D0%B2%D0%B5%D0%BB+%D0%A1%D1%82%D0%BE%D0%BB%D0%B1%D0%BE%D0%B2%D1%81%D0%BA%D0%B8%D0%B9%22 403
2026-01-30 01:56:52,512 [INFO] response: https://en.wikipedia.org/w/api.php?action=opensearch&profile=fuzzy&limit=1&search=site%3Atwstalker.com%20%22%D0%9F%D0%B0%D0%B2%D0%B5%D0%BB%20%D0%A1%D1%82%D0%BE%D0%BB%D0%B1%D0%BE%D0%B2%D1%81%D0%BA%D0%B8%D0%B9%22 200
2026-01-30 01:56:54,536 [INFO] response: https://grokipedia.com/api/typeahead?query=site%3Atwstalker.com+%22%D0%9F%D0%B0%D0%B2%D0%B5%D0%BB+%D0%A1%D1%82%D0%BE%D0%BB%D0%B1%D0%BE%D0%B2%D1%81%D0%BA%D0%B8%D0%B9%22&limit=1 200
2026-01-30 01:56:55,128 [INFO] response: https://search.brave.com/search?q=site%3Atwstalker.com+%22%D0%9F%D0%B0%D0%B2%D0%B5%D0%BB+%D0%A1%D1%82%D0%BE%D0%BB%D0%B1%D0%BE%D0%B2%D1%81%D0%BA%D0%B8%D0%B9%22&source=web 429
2026-01-30 01:56:55,951 [INFO] response: https://search.yahoo.com/search;_ylt=U8EDO-_JcMezNu0vXbSS2N2f;_ylu=JSSF5P9pRUDzQUK7GT7jCseZz5KrW8rNhKHVUSUIibTaLbg?p=site%3Atwstalker.com+%22%D0%9F%D0%B0%D0%B2%D0%B5%D0%BB+%D0%A1%D1%82%D0%BE%D0%BB%D0%B1%D0%BE%D0%B2%D1%81%D0%BA%D0%B8%D0%B9%22 200
2026-01-30 01:56:57,186 [INFO] response: https://www.mojeek.com/search?q=site%3Atwstalker.com+%22%D0%9F%D0%B0%D0%B2%D0%B5%D0%BB+%D0%A1%D1%82%D0%BE%D0%BB%D0%B1%D0%BE%D0%B2%D1%81%D0%BA%D0%B8%D0%B9%22 403
2026-01-30 01:56:58,394 [INFO] response: https://yandex.com/search/site/?text=site%3Atwstalker.com+%22%D0%9F%D0%B0%D0%B2%D0%B5%D0%BB+%D0%A1%D1%82%D0%BE%D0%BB%D0%B1%D0%BE%D0%B2%D1%81%D0%BA%D0%B8%D0%B9%22&web=1&searchid=1482078 200
2026-01-30 01:56:59,181 [INFO] response: https://www.google.com/sorry/index?continue=https://www.google.com/search%3Fq%3Dsite%253Atwstalker.com%2B%2522%25D0%259F%25D0%25B0%25D0%25B2%25D0%25B5%25D0%25BB%2B%25D0%25A1%25D1%2582%25D0%25BE%25D0%25BB%25D0%25B1%25D0%25BE%25D0%25B2%25D1%2581%25D0%25BA%25D0%25B8%25D0%25B9%2522%26filter%3D1%26start%3D0%26hl%3Den-US%26lr%3Dlang_en%26cr%3DcountryUS&hl=en-US&q=EhAkCUDSEU6Z-gSJVy1Use1dGI2F78sGIjCXPeEZFtN7VRsWUrqKMedP-vBakCuIuzgZ8vyDYRbRB1pXwg29JZPVUZkMlLmZWmYyAnJSWgFD 429
2026-01-30 01:56:59,469 [INFO] HTTP Request: POST https://html.duckduckgo.com/html/ "HTTP/2 202 Accepted"
2026-01-30 01:57:01,488 [WARNING] KeyError('html') - backend is not exist or disabled. Available: brave, duckduckgo, google, grokipedia, mojeek, wikipedia, yahoo, yandex. Using 'auto'
2026-01-30 01:57:02,017 [INFO] response: https://en.wikipedia.org/w/api.php?action=opensearch&profile=fuzzy&limit=1&search=site%3Atwstalker.com%20%22%D0%9F%D0%B0%D0%B2%D0%B5%D0%BB%20%D0%A1%D1%82%D0%BE%D0%BB%D0%B1%D0%BE%D0%B2%D1%81%D0%BA%D0%B8%D0%B9%22 200
2026-01-30 01:57:02,837 [INFO] response: https://grokipedia.com/api/typeahead?query=site%3Atwstalker.com+%22%D0%9F%D0%B0%D0%B2%D0%B5%D0%BB+%D0%A1%D1%82%D0%BE%D0%BB%D0%B1%D0%BE%D0%B2%D1%81%D0%BA%D0%B8%D0%B9%22&limit=1 200
2026-01-30 01:57:03,589 [INFO] response: https://search.yahoo.com/search;_ylt=8gE-RQCDlFBtDX4vIuydzBM-;_ylu=cqSfJfZg_uJpDeS8vka0pj7T91PkHht1Yz04Pu1aiyQdM7A?p=site%3Atwstalker.com+%22%D0%9F%D0%B0%D0%B2%D0%B5%D0%BB+%D0%A1%D1%82%D0%BE%D0%BB%D0%B1%D0%BE%D0%B2%D1%81%D0%BA%D0%B8%D0%B9%22 200
2026-01-30 01:57:04,577 [INFO] response: https://www.google.com/sorry/index?continue=https://www.google.com/search%3Fq%3Dsite%253Atwstalker.com%2B%2522%25D0%259F%25D0%25B0%25D0%25B2%25D0%25B5%25D0%25BB%2B%25D0%25A1%25D1%2582%25D0%25BE%25D0%25BB%25D0%25B1%25D0%25BE%25D0%25B2%25D1%2581%25D0%25BA%25D0%25B8%25D0%25B9%2522%26filter%3D1%26start%3D0%26hl%3Den-US%26lr%3Dlang_en%26cr%3DcountryUS&hl=en-US&q=EhAkCUDSEU6Z-gSJVy1Use1dGJOF78sGIjD1E5KK2caREsJ4cWTPV0eWcLBqSTswbi0sB3j1cKpCd12U3I5F3joM-EKlivaHdwkyAnJSWgFD 429
2026-01-30 01:57:04,842 [INFO] HTTP Request: POST https://html.duckduckgo.com/html/ "HTTP/2 202 Accepted"
2026-01-30 01:57:05,976 [INFO] response: https://yandex.com/search/site/?text=site%3Atwstalker.com+%22%D0%9F%D0%B0%D0%B2%D0%B5%D0%BB+%D0%A1%D1%82%D0%BE%D0%BB%D0%B1%D0%BE%D0%B2%D1%81%D0%BA%D0%B8%D0%B9%22&web=1&searchid=5421042 200
2026-01-30 01:57:06,823 [INFO] response: https://www.mojeek.com/search?q=site%3Atwstalker.com+%22%D0%9F%D0%B0%D0%B2%D0%B5%D0%BB+%D0%A1%D1%82%D0%BE%D0%BB%D0%B1%D0%BE%D0%B2%D1%81%D0%BA%D0%B8%D0%B9%22 403
2026-01-30 01:57:07,258 [INFO] response: https://search.brave.com/search?q=site%3Atwstalker.com+%22%D0%9F%D0%B0%D0%B2%D0%B5%D0%BB+%D0%A1%D1%82%D0%BE%D0%BB%D0%B1%D0%BE%D0%B2%D1%81%D0%BA%D0%B8%D0%B9%22&source=web 429
2026-01-30 01:57:09,992 [INFO] response: https://en.wikipedia.org/w/api.php?action=opensearch&profile=fuzzy&limit=1&search=site%3Afreetwitter.com%20%22%D0%9F%D0%B0%D0%B2%D0%B5%D0%BB%20%D0%A1%D1%82%D0%BE%D0%BB%D0%B1%D0%BE%D0%B2%D1%81%D0%BA%D0%B8%D0%B9%22 200
2026-01-30 01:57:10,209 [INFO] response: https://grokipedia.com/api/typeahead?query=site%3Afreetwitter.com+%22%D0%9F%D0%B0%D0%B2%D0%B5%D0%BB+%D0%A1%D1%82%D0%BE%D0%BB%D0%B1%D0%BE%D0%B2%D1%81%D0%BA%D0%B8%D0%B9%22&limit=1 200
2026-01-30 01:57:10,613 [INFO] response: https://search.brave.com/search?q=site%3Afreetwitter.com+%22%D0%9F%D0%B0%D0%B2%D0%B5%D0%BB+%D0%A1%D1%82%D0%BE%D0%BB%D0%B1%D0%BE%D0%B2%D1%81%D0%BA%D0%B8%D0%B9%22&source=web 429
2026-01-30 01:57:11,482 [INFO] response: https://www.google.com/sorry/index?continue=https://www.google.com/search%3Fq%3Dsite%253Afreetwitter.com%2B%2522%25D0%259F%25D0%25B0%25D0%25B2%25D0%25B5%25D0%25BB%2B%25D0%25A1%25D1%2582%25D0%25BE%25D0%25BB%25D0%25B1%25D0%25BE%25D0%25B2%25D1%2581%25D0%25BA%25D0%25B8%25D0%25B9%2522%26filter%3D1%26start%3D0%26hl%3Den-US%26lr%3Dlang_en%26cr%3DcountryUS&hl=en-US&q=EhAkCUDSEU6Z-gSJVy1Use1dGJqF78sGIjD8AvnHpxcxK-npOpR_fwhuaMTmdqkRPwx_1h2_kW3mer0P6FxZIquQGwjQsY630O4yAnJSWgFD 429
2026-01-30 01:57:11,810 [INFO] HTTP Request: POST https://html.duckduckgo.com/html/ "HTTP/2 202 Accepted"
2026-01-30 01:57:12,755 [INFO] response: https://search.yahoo.com/search;_ylt=tO9Vo5dPp60KlsTrwTRx5q6X;_ylu=AYSak3gWrswPQ43Mg5XGSM91rJ7dORT_HAAvwkza5XSWCck?p=site%3Afreetwitter.com+%22%D0%9F%D0%B0%D0%B2%D0%B5%D0%BB+%D0%A1%D1%82%D0%BE%D0%BB%D0%B1%D0%BE%D0%B2%D1%81%D0%BA%D0%B8%D0%B9%22 200
2026-01-30 01:57:13,669 [INFO] response: https://www.mojeek.com/search?q=site%3Afreetwitter.com+%22%D0%9F%D0%B0%D0%B2%D0%B5%D0%BB+%D0%A1%D1%82%D0%BE%D0%BB%D0%B1%D0%BE%D0%B2%D1%81%D0%BA%D0%B8%D0%B9%22 403
2026-01-30 01:57:14,950 [INFO] response: https://yandex.com/search/site/?text=site%3Afreetwitter.com+%22%D0%9F%D0%B0%D0%B2%D0%B5%D0%BB+%D0%A1%D1%82%D0%BE%D0%BB%D0%B1%D0%BE%D0%B2%D1%81%D0%BA%D0%B8%D0%B9%22&web=1&searchid=5783762 200
2026-01-30 01:57:16,974 [WARNING] KeyError('html') - backend is not exist or disabled. Available: brave, duckduckgo, google, grokipedia, mojeek, wikipedia, yahoo, yandex. Using 'auto'
2026-01-30 01:57:17,458 [INFO] response: https://en.wikipedia.org/w/api.php?action=opensearch&profile=fuzzy&limit=1&search=site%3Afreetwitter.com%20%22%D0%9F%D0%B0%D0%B2%D0%B5%D0%BB%20%D0%A1%D1%82%D0%BE%D0%BB%D0%B1%D0%BE%D0%B2%D1%81%D0%BA%D0%B8%D0%B9%22 200
2026-01-30 01:57:18,253 [INFO] response: https://grokipedia.com/api/typeahead?query=site%3Afreetwitter.com+%22%D0%9F%D0%B0%D0%B2%D0%B5%D0%BB+%D0%A1%D1%82%D0%BE%D0%BB%D0%B1%D0%BE%D0%B2%D1%81%D0%BA%D0%B8%D0%B9%22&limit=1 200
2026-01-30 01:57:19,334 [INFO] response: https://www.google.com/sorry/index?continue=https://www.google.com/search%3Fq%3Dsite%253Afreetwitter.com%2B%2522%25D0%259F%25D0%25B0%25D0%25B2%25D0%25B5%25D0%25BB%2B%25D0%25A1%25D1%2582%25D0%25BE%25D0%25BB%25D0%25B1%25D0%25BE%25D0%25B2%25D1%2581%25D0%25BA%25D0%25B8%25D0%25B9%2522%26filter%3D1%26start%3D0%26hl%3Den-US%26lr%3Dlang_en%26cr%3DcountryUS&hl=en-US&q=EhAkCUDSEU6Z-gSJVy1Use1dGKGF78sGIjA24jCu5Ivu5JsairBKm6q-ad40msWM_DIn3F6dhEP4T9d2IaUJrjgAU8vGNZgQ9m0yAnJSWgFD 429
2026-01-30 01:57:20,082 [INFO] response: https://search.yahoo.com/search;_ylt=KiAsLXy98nPS0Fu24h3XdnbD;_ylu=Gw5SbGD0eAavChXllKwN1swSy8kv4i-65vtTnihVIizkXOY?p=site%3Afreetwitter.com+%22%D0%9F%D0%B0%D0%B2%D0%B5%D0%BB+%D0%A1%D1%82%D0%BE%D0%BB%D0%B1%D0%BE%D0%B2%D1%81%D0%BA%D0%B8%D0%B9%22 200
2026-01-30 01:57:20,539 [INFO] HTTP Request: POST https://html.duckduckgo.com/html/ "HTTP/2 202 Accepted"
2026-01-30 01:57:20,959 [INFO] response: https://search.brave.com/search?q=site%3Afreetwitter.com+%22%D0%9F%D0%B0%D0%B2%D0%B5%D0%BB+%D0%A1%D1%82%D0%BE%D0%BB%D0%B1%D0%BE%D0%B2%D1%81%D0%BA%D0%B8%D0%B9%22&source=web 429
2026-01-30 01:57:22,263 [INFO] response: https://yandex.com/search/site/?text=site%3Afreetwitter.com+%22%D0%9F%D0%B0%D0%B2%D0%B5%D0%BB+%D0%A1%D1%82%D0%BE%D0%BB%D0%B1%D0%BE%D0%B2%D1%81%D0%BA%D0%B8%D0%B9%22&web=1&searchid=6097529 200
2026-01-30 01:57:23,253 [INFO] response: https://www.mojeek.com/search?q=site%3Afreetwitter.com+%22%D0%9F%D0%B0%D0%B2%D0%B5%D0%BB+%D0%A1%D1%82%D0%BE%D0%BB%D0%B1%D0%BE%D0%B2%D1%81%D0%BA%D0%B8%D0%B9%22 403
2026-01-30 01:57:25,931 [INFO] response: https://en.wikipedia.org/w/api.php?action=opensearch&profile=fuzzy&limit=1&search=site%3Aimginn.com%20%22%D0%9F%D0%B0%D0%B2%D0%B5%D0%BB%20%D0%A1%D1%82%D0%BE%D0%BB%D0%B1%D0%BE%D0%B2%D1%81%D0%BA%D0%B8%D0%B9%22 200
2026-01-30 01:57:26,129 [INFO] response: https://grokipedia.com/api/typeahead?query=site%3Aimginn.com+%22%D0%9F%D0%B0%D0%B2%D0%B5%D0%BB+%D0%A1%D1%82%D0%BE%D0%BB%D0%B1%D0%BE%D0%B2%D1%81%D0%BA%D0%B8%D0%B9%22&limit=1 200
2026-01-30 01:57:27,490 [INFO] response: https://search.yahoo.com/search;_ylt=SVUx69GZqWNGYo_XMxc7VX0e;_ylu=GRyfYJPjZ8tTVTU88PFIlclMOiSx_QRC6ceSQZvkP-N12uk?p=site%3Aimginn.com+%22%D0%9F%D0%B0%D0%B2%D0%B5%D0%BB+%D0%A1%D1%82%D0%BE%D0%BB%D0%B1%D0%BE%D0%B2%D1%81%D0%BA%D0%B8%D0%B9%22 200
2026-01-30 01:57:28,509 [INFO] response: https://www.google.com/sorry/index?continue=https://www.google.com/search%3Fq%3Dsite%253Aimginn.com%2B%2522%25D0%259F%25D0%25B0%25D0%25B2%25D0%25B5%25D0%25BB%2B%25D0%25A1%25D1%2582%25D0%25BE%25D0%25BB%25D0%25B1%25D0%25BE%25D0%25B2%25D1%2581%25D0%25BA%25D0%25B8%25D0%25B9%2522%26filter%3D1%26start%3D0%26hl%3Den-US%26lr%3Dlang_en%26cr%3DcountryUS&hl=en-US&q=EhAkCUDSEU6Z-gSJVy1Use1dGKuF78sGIjCnDZdE9VK5lZowe4FyJAlbBqxSyhJFVUSlmRAeohFUBH2_wSIfjcTgdwrUUNzJwwYyAnJSWgFD 429
2026-01-30 01:57:29,677 [INFO] response: https://www.mojeek.com/search?q=site%3Aimginn.com+%22%D0%9F%D0%B0%D0%B2%D0%B5%D0%BB+%D0%A1%D1%82%D0%BE%D0%BB%D0%B1%D0%BE%D0%B2%D1%81%D0%BA%D0%B8%D0%B9%22 403
2026-01-30 01:57:30,072 [INFO] response: https://search.brave.com/search?q=site%3Aimginn.com+%22%D0%9F%D0%B0%D0%B2%D0%B5%D0%BB+%D0%A1%D1%82%D0%BE%D0%BB%D0%B1%D0%BE%D0%B2%D1%81%D0%BA%D0%B8%D0%B9%22&source=web 429
2026-01-30 01:57:31,408 [INFO] response: https://yandex.com/search/site/?text=site%3Aimginn.com+%22%D0%9F%D0%B0%D0%B2%D0%B5%D0%BB+%D0%A1%D1%82%D0%BE%D0%BB%D0%B1%D0%BE%D0%B2%D1%81%D0%BA%D0%B8%D0%B9%22&web=1&searchid=2548309 200
2026-01-30 02:00:46,394 [INFO] response: https://en.wikipedia.org/w/api.php?action=opensearch&profile=fuzzy&limit=1&search=site%3Apicuki.com%20%22%D0%9F%D0%B0%D0%B2%D0%B5%D0%BB%20%D0%A1%D1%82%D0%BE%D0%BB%D0%B1%D0%BE%D0%B2%D1%81%D0%BA%D0%B8%D0%B9%22 200
2026-01-30 02:00:46,849 [INFO] response: https://grokipedia.com/api/typeahead?query=site%3Apicuki.com+%22%D0%9F%D0%B0%D0%B2%D0%B5%D0%BB+%D0%A1%D1%82%D0%BE%D0%BB%D0%B1%D0%BE%D0%B2%D1%81%D0%BA%D0%B8%D0%B9%22&limit=1 200
2026-01-30 02:00:47,788 [INFO] HTTP Request: POST https://html.duckduckgo.com/html/ "HTTP/2 202 Accepted"
2026-01-30 02:00:48,335 [INFO] response: https://search.brave.com/search?q=site%3Apicuki.com+%22%D0%9F%D0%B0%D0%B2%D0%B5%D0%BB+%D0%A1%D1%82%D0%BE%D0%BB%D0%B1%D0%BE%D0%B2%D1%81%D0%BA%D0%B8%D0%B9%22&source=web 429
2026-01-30 02:00:49,133 [INFO] response: https://search.yahoo.com/search;_ylt=N9zQkIiTG2eszH4-s9xFbZpu;_ylu=mYYNd1OvWbTNarKNLxInOPMF2qHIEcJ-vZEintSHkQUhpY8?p=site%3Apicuki.com+%22%D0%9F%D0%B0%D0%B2%D0%B5%D0%BB+%D0%A1%D1%82%D0%BE%D0%BB%D0%B1%D0%BE%D0%B2%D1%81%D0%BA%D0%B8%D0%B9%22 200
2026-01-30 02:00:50,212 [INFO] response: https://www.google.com/sorry/index?continue=https://www.google.com/search%3Fq%3Dsite%253Apicuki.com%2B%2522%25D0%259F%25D0%25B0%25D0%25B2%25D0%25B5%25D0%25BB%2B%25D0%25A1%25D1%2582%25D0%25BE%25D0%25BB%25D0%25B1%25D0%25BE%25D0%25B2%25D1%2581%25D0%25BA%25D0%25B8%25D0%25B9%2522%26filter%3D1%26start%3D0%26hl%3Den-US%26lr%3Dlang_en%26cr%3DcountryUS&hl=en-US&q=EhAkCUDSEU6Z-gSJVy1Use1dGPSG78sGIjBbBkagN6-G-NhoL7L-4v1BfQ5HIlN6ZlpDSQH6uzuUCm6MaobGP7lTvzQ-EPOOXaoyAnJSWgFD 429
2026-01-30 02:00:51,431 [INFO] response: https://www.mojeek.com/search?q=site%3Apicuki.com+%22%D0%9F%D0%B0%D0%B2%D0%B5%D0%BB+%D0%A1%D1%82%D0%BE%D0%BB%D0%B1%D0%BE%D0%B2%D1%81%D0%BA%D0%B8%D0%B9%22 403
2026-01-30 02:00:52,724 [INFO] response: https://yandex.com/search/site/?text=site%3Apicuki.com+%22%D0%9F%D0%B0%D0%B2%D0%B5%D0%BB+%D0%A1%D1%82%D0%BE%D0%BB%D0%B1%D0%BE%D0%B2%D1%81%D0%BA%D0%B8%D0%B9%22&web=1&searchid=3160539 200
2026-01-30 02:02:06,408 [INFO] response: https://en.wikipedia.org/w/api.php?action=opensearch&profile=fuzzy&limit=1&search=%22%D0%9F%D0%B0%D0%B2%D0%B5%D0%BB%20%D0%A1%D1%82%D0%BE%D0%BB%D0%B1%D0%BE%D0%B2%D1%81%D0%BA%D0%B8%D0%B9%22%20%22%D0%91%D0%B0%D1%80%D0%BD%D0%B0%D1%83%D0%BB%22 200
2026-01-30 02:02:06,501 [INFO] response: https://grokipedia.com/api/typeahead?query=%22%D0%9F%D0%B0%D0%B2%D0%B5%D0%BB+%D0%A1%D1%82%D0%BE%D0%BB%D0%B1%D0%BE%D0%B2%D1%81%D0%BA%D0%B8%D0%B9%22+%22%D0%91%D0%B0%D1%80%D0%BD%D0%B0%D1%83%D0%BB%22&limit=1 200
2026-01-30 02:02:06,868 [INFO] HTTP Request: POST https://html.duckduckgo.com/html/ "HTTP/2 202 Accepted"
2026-01-30 02:02:07,726 [INFO] response: https://www.google.com/sorry/index?continue=https://www.google.com/search%3Fq%3D%2522%25D0%259F%25D0%25B0%25D0%25B2%25D0%25B5%25D0%25BB%2B%25D0%25A1%25D1%2582%25D0%25BE%25D0%25BB%25D0%25B1%25D0%25BE%25D0%25B2%25D1%2581%25D0%25BA%25D0%25B8%25D0%25B9%2522%2B%2522%25D0%2591%25D0%25B0%25D1%2580%25D0%25BD%25D0%25B0%25D1%2583%25D0%25BB%2522%26filter%3D1%26start%3D0%26hl%3Den-US%26lr%3Dlang_en%26cr%3DcountryUS&hl=en-US&q=EhAkCUDSEU6Z-gSJVy1Use1dGMKH78sGIjADlWGesq9LoyVnMpaSujXSHFP5We5vy-9gNtD3eCl6XuSA9mZnNvBKPluV8SXQ0z4yAnJSWgFD 429
2026-01-30 02:02:08,234 [INFO] response: https://search.brave.com/search?q=%22%D0%9F%D0%B0%D0%B2%D0%B5%D0%BB+%D0%A1%D1%82%D0%BE%D0%BB%D0%B1%D0%BE%D0%B2%D1%81%D0%BA%D0%B8%D0%B9%22+%22%D0%91%D0%B0%D1%80%D0%BD%D0%B0%D1%83%D0%BB%22&source=web 429
2026-01-30 02:02:09,230 [INFO] response: https://www.mojeek.com/search?q=%22%D0%9F%D0%B0%D0%B2%D0%B5%D0%BB+%D0%A1%D1%82%D0%BE%D0%BB%D0%B1%D0%BE%D0%B2%D1%81%D0%BA%D0%B8%D0%B9%22+%22%D0%91%D0%B0%D1%80%D0%BD%D0%B0%D1%83%D0%BB%22 403
2026-01-30 02:02:10,552 [INFO] response: https://yandex.com/search/site/?text=%22%D0%9F%D0%B0%D0%B2%D0%B5%D0%BB+%D0%A1%D1%82%D0%BE%D0%BB%D0%B1%D0%BE%D0%B2%D1%81%D0%BA%D0%B8%D0%B9%22+%22%D0%91%D0%B0%D1%80%D0%BD%D0%B0%D1%83%D0%BB%22&web=1&searchid=6059847 200
2026-01-30 02:05:14,595 [INFO] HTTP Request: POST http://127.0.0.1:11434/api/chat "HTTP/1.1 200 OK"
2026-01-30 02:05:21,417 [INFO] response: https://en.wikipedia.org/w/api.php?action=opensearch&profile=fuzzy&limit=1&search=%22%2B79646032895%22 200
2026-01-30 02:05:21,523 [INFO] response: https://grokipedia.com/api/typeahead?query=%22%2B79646032895%22&limit=1 200
2026-01-30 02:05:21,833 [INFO] HTTP Request: POST https://html.duckduckgo.com/html/ "HTTP/2 202 Accepted"
2026-01-30 02:05:23,210 [INFO] response: https://yandex.com/search/site/?text=%22%2B79646032895%22&web=1&searchid=2509934 200
2026-01-30 02:07:40,711 [INFO] response: https://en.wikipedia.org/w/api.php?action=opensearch&profile=fuzzy&limit=1&search=%D0%9F%D0%B0%D0%B2%D0%B5%D0%BB%20%D0%A1%D1%82%D0%BE%D0%BB%D0%B1%D0%BE%D0%B2%D1%81%D0%BA%D0%B8%D0%B9%20%D0%BF%D1%81%D0%B8%D1%85%D0%BE%D0%BB%D0%BE%D0%B3 200
2026-01-30 02:07:42,499 [INFO] response: https://grokipedia.com/api/typeahead?query=%D0%9F%D0%B0%D0%B2%D0%B5%D0%BB+%D0%A1%D1%82%D0%BE%D0%BB%D0%B1%D0%BE%D0%B2%D1%81%D0%BA%D0%B8%D0%B9+%D0%BF%D1%81%D0%B8%D1%85%D0%BE%D0%BB%D0%BE%D0%B3&limit=1 200
2026-01-30 02:07:43,437 [INFO] response: https://www.mojeek.com/search?q=%D0%9F%D0%B0%D0%B2%D0%B5%D0%BB+%D0%A1%D1%82%D0%BE%D0%BB%D0%B1%D0%BE%D0%B2%D1%81%D0%BA%D0%B8%D0%B9+%D0%BF%D1%81%D0%B8%D1%85%D0%BE%D0%BB%D0%BE%D0%B3 403
2026-01-30 02:07:43,994 [INFO] response: https://www.google.com/sorry/index?continue=https://www.google.com/search%3Fq%3D%25D0%259F%25D0%25B0%25D0%25B2%25D0%25B5%25D0%25BB%2B%25D0%25A1%25D1%2582%25D0%25BE%25D0%25BB%25D0%25B1%25D0%25BE%25D0%25B2%25D1%2581%25D0%25BA%25D0%25B8%25D0%25B9%2B%25D0%25BF%25D1%2581%25D0%25B8%25D1%2585%25D0%25BE%25D0%25BB%25D0%25BE%25D0%25B3%26filter%3D1%26start%3D0%26hl%3Den-US%26lr%3Dlang_en%26cr%3DcountryUS&hl=en-US&q=EhAkCUDSEU6Z-gSJVy1Use1dGJKK78sGIjDtDzW39ihs-mCDDTbVyB0OdifvirRO2inzqg9__jBRmiENtOtoI7DZxlFfQfhhCiQyAnJSWgFD 429
2026-01-30 02:07:45,305 [INFO] response: https://yandex.com/search/site/?text=%D0%9F%D0%B0%D0%B2%D0%B5%D0%BB+%D0%A1%D1%82%D0%BE%D0%BB%D0%B1%D0%BE%D0%B2%D1%81%D0%BA%D0%B8%D0%B9+%D0%BF%D1%81%D0%B8%D1%85%D0%BE%D0%BB%D0%BE%D0%B3&web=1&searchid=2115862 200
2026-01-30 02:10:23,500 [INFO] response: https://en.wikipedia.org/w/api.php?action=opensearch&profile=fuzzy&limit=1&search=solomoon83%20Skype 200
2026-01-30 02:10:23,699 [INFO] response: https://grokipedia.com/api/typeahead?query=solomoon83+Skype&limit=1 200
2026-01-30 02:10:24,351 [INFO] response: https://www.google.com/sorry/index?continue=https://www.google.com/search%3Fq%3Dsolomoon83%2BSkype%26filter%3D1%26start%3D0%26hl%3Den-US%26lr%3Dlang_en%26cr%3DcountryUS&hl=en-US&q=EhAkCUDSEU6Z-gSJVy1Use1dGLOL78sGIjAtt9ZV9p34lNlezTwgBebAHHDNHBRo9yK2Ah6YRPF3vPNX_3SdtXd12OEzYMOz_s0yAnJSWgFD 429
2026-01-30 02:10:24,855 [INFO] response: https://search.brave.com/search?q=solomoon83+Skype&source=web 429
2026-01-30 02:10:26,226 [INFO] response: https://yandex.com/search/site/?text=solomoon83+Skype&web=1&searchid=3197090 200
2026-01-30 02:12:41,191 [INFO] HTTP Request: POST http://127.0.0.1:11434/api/chat "HTTP/1.1 200 OK"
2026-01-30 02:12:51,591 [INFO] HTTP Request: POST http://127.0.0.1:11434/api/chat "HTTP/1.1 200 OK"
2026-01-30 02:13:51,280 [INFO] Response Status: 200
